-- Full Database Sync: Localhost → Online
-- Generated: 2025-11-19T14:01:33.154Z
-- Total Tables: 48

SET FOREIGN_KEY_CHECKS = 0;
SET SQL_MODE = 'NO_AUTO_VALUE_ON_ZERO';

-- Table: account_period_balances
DELETE FROM `account_period_balances` WHERE 1=1;

-- Inserting 396 rows into account_period_balances
INSERT INTO `account_period_balances` (`id`, `account_id`, `period_id`, `balance_brought_down`, `balance_carried_down`, `total_debits`, `total_credits`, `transaction_count`, `is_verified`, `verified_by`, `verified_at`, `notes`, `created_at`, `updated_at`) VALUES
(1, 79, 1, 0.00, 0.00, 0.00, 0.00, 0, 0, NULL, NULL, NULL, '2025-08-27 08:03:46', '2025-08-27 08:38:19'),
(2, 78, 1, 0.00, 0.00, 0.00, 0.00, 0, 0, NULL, NULL, NULL, '2025-08-27 08:03:46', '2025-08-27 08:38:19'),
(3, 77, 1, 0.00, 0.00, 0.00, 0.00, 0, 0, NULL, NULL, NULL, '2025-08-27 08:03:46', '2025-08-27 08:38:19'),
(4, 76, 1, 0.00, 0.00, 0.00, 0.00, 0, 0, NULL, NULL, NULL, '2025-08-27 08:03:46', '2025-08-27 08:38:19'),
(5, 75, 1, 0.00, 0.00, 0.00, 0.00, 0, 0, NULL, NULL, NULL, '2025-08-27 08:03:46', '2025-08-27 08:38:19'),
(6, 74, 1, 0.00, 0.00, 0.00, 0.00, 0, 0, NULL, NULL, NULL, '2025-08-27 08:03:46', '2025-08-27 08:38:19'),
(7, 73, 1, 0.00, 0.00, 0.00, 0.00, 0, 0, NULL, NULL, NULL, '2025-08-27 08:03:46', '2025-08-27 08:38:19'),
(8, 72, 1, 0.00, 0.00, 0.00, 0.00, 0, 0, NULL, NULL, NULL, '2025-08-27 08:03:46', '2025-08-27 08:38:19'),
(9, 71, 1, 0.00, 0.00, 0.00, 0.00, 0, 0, NULL, NULL, NULL, '2025-08-27 08:03:46', '2025-08-27 08:38:19'),
(10, 70, 1, 0.00, 0.00, 0.00, 0.00, 0, 0, NULL, NULL, NULL, '2025-08-27 08:03:46', '2025-08-27 08:38:19'),
(11, 69, 1, 0.00, 0.00, 0.00, 0.00, 0, 0, NULL, NULL, NULL, '2025-08-27 08:03:46', '2025-08-27 08:38:19'),
(12, 68, 1, 0.00, 0.00, 0.00, 0.00, 0, 0, NULL, NULL, NULL, '2025-08-27 08:03:46', '2025-08-27 08:38:19'),
(13, 67, 1, 0.00, 0.00, 0.00, 0.00, 0, 0, NULL, NULL, NULL, '2025-08-27 08:03:46', '2025-08-27 08:38:19'),
(14, 66, 1, 0.00, 0.00, 0.00, 0.00, 0, 0, NULL, NULL, NULL, '2025-08-27 08:03:46', '2025-08-27 08:38:19'),
(15, 65, 1, 0.00, 0.00, 0.00, 0.00, 0, 0, NULL, NULL, NULL, '2025-08-27 08:03:46', '2025-08-27 08:38:19'),
(16, 64, 1, 0.00, 0.00, 0.00, 0.00, 0, 0, NULL, NULL, NULL, '2025-08-27 08:03:46', '2025-08-27 08:38:19'),
(17, 63, 1, 0.00, 0.00, 0.00, 0.00, 0, 0, NULL, NULL, NULL, '2025-08-27 08:03:46', '2025-08-27 08:38:19'),
(18, 62, 1, 0.00, 0.00, 0.00, 0.00, 0, 0, NULL, NULL, NULL, '2025-08-27 08:03:46', '2025-08-27 08:38:19'),
(19, 61, 1, 0.00, 0.00, 0.00, 0.00, 0, 0, NULL, NULL, NULL, '2025-08-27 08:03:46', '2025-08-27 08:38:19'),
(20, 60, 1, 0.00, 0.00, 0.00, 0.00, 0, 0, NULL, NULL, NULL, '2025-08-27 08:03:46', '2025-08-27 08:38:19'),
(21, 59, 1, 0.00, 0.00, 0.00, 0.00, 0, 0, NULL, NULL, NULL, '2025-08-27 08:03:46', '2025-08-27 08:38:19'),
(22, 58, 1, 0.00, 0.00, 0.00, 0.00, 0, 0, NULL, NULL, NULL, '2025-08-27 08:03:46', '2025-08-27 08:38:19'),
(23, 57, 1, 0.00, 0.00, 0.00, 0.00, 0, 0, NULL, NULL, NULL, '2025-08-27 08:03:46', '2025-08-27 08:38:19'),
(24, 56, 1, 0.00, 0.00, 0.00, 0.00, 0, 0, NULL, NULL, NULL, '2025-08-27 08:03:46', '2025-08-27 08:38:19'),
(25, 55, 1, 0.00, 0.00, 0.00, 0.00, 0, 0, NULL, NULL, NULL, '2025-08-27 08:03:46', '2025-08-27 08:38:19'),
(26, 54, 1, 0.00, 0.00, 0.00, 0.00, 0, 0, NULL, NULL, NULL, '2025-08-27 08:03:46', '2025-08-27 08:38:19'),
(27, 53, 1, 0.00, 0.00, 0.00, 0.00, 0, 0, NULL, NULL, NULL, '2025-08-27 08:03:46', '2025-08-27 08:38:19'),
(28, 52, 1, 0.00, 0.00, 0.00, 0.00, 0, 0, NULL, NULL, NULL, '2025-08-27 08:03:46', '2025-08-27 08:38:19'),
(29, 51, 1, 0.00, 0.00, 0.00, 0.00, 0, 0, NULL, NULL, NULL, '2025-08-27 08:03:46', '2025-08-27 08:38:19'),
(30, 50, 1, 0.00, 0.00, 0.00, 0.00, 0, 0, NULL, NULL, NULL, '2025-08-27 08:03:46', '2025-08-27 08:38:19'),
(31, 49, 1, 0.00, 0.00, 0.00, 0.00, 0, 0, NULL, NULL, NULL, '2025-08-27 08:03:46', '2025-08-27 08:38:19'),
(32, 48, 1, 0.00, 0.00, 0.00, 0.00, 0, 0, NULL, NULL, NULL, '2025-08-27 08:03:46', '2025-08-27 08:38:19'),
(33, 47, 1, 0.00, 0.00, 0.00, 0.00, 0, 0, NULL, NULL, NULL, '2025-08-27 08:03:46', '2025-08-27 08:38:19'),
(34, 79, 2, 0.00, 0.00, 0.00, 0.00, 0, 0, NULL, NULL, NULL, '2025-08-27 08:03:46', '2025-08-27 08:38:19'),
(35, 78, 2, 0.00, 0.00, 0.00, 0.00, 0, 0, NULL, NULL, NULL, '2025-08-27 08:03:46', '2025-08-27 08:38:19'),
(36, 77, 2, 0.00, 0.00, 0.00, 0.00, 0, 0, NULL, NULL, NULL, '2025-08-27 08:03:46', '2025-08-27 08:38:19'),
(37, 76, 2, 0.00, 0.00, 0.00, 0.00, 0, 0, NULL, NULL, NULL, '2025-08-27 08:03:46', '2025-08-27 08:38:19'),
(38, 75, 2, 0.00, 0.00, 0.00, 0.00, 0, 0, NULL, NULL, NULL, '2025-08-27 08:03:46', '2025-08-27 08:38:19'),
(39, 74, 2, 0.00, 0.00, 0.00, 0.00, 0, 0, NULL, NULL, NULL, '2025-08-27 08:03:46', '2025-08-27 08:38:19'),
(40, 73, 2, 0.00, 0.00, 0.00, 0.00, 0, 0, NULL, NULL, NULL, '2025-08-27 08:03:46', '2025-08-27 08:38:19'),
(41, 72, 2, 0.00, 0.00, 0.00, 0.00, 0, 0, NULL, NULL, NULL, '2025-08-27 08:03:46', '2025-08-27 08:38:19'),
(42, 71, 2, 0.00, 0.00, 0.00, 0.00, 0, 0, NULL, NULL, NULL, '2025-08-27 08:03:46', '2025-08-27 08:38:19'),
(43, 70, 2, 0.00, 0.00, 0.00, 0.00, 0, 0, NULL, NULL, NULL, '2025-08-27 08:03:46', '2025-08-27 08:38:19'),
(44, 69, 2, 0.00, 0.00, 0.00, 0.00, 0, 0, NULL, NULL, NULL, '2025-08-27 08:03:46', '2025-08-27 08:38:19'),
(45, 68, 2, 0.00, 0.00, 0.00, 0.00, 0, 0, NULL, NULL, NULL, '2025-08-27 08:03:46', '2025-08-27 08:38:19'),
(46, 67, 2, 0.00, 0.00, 0.00, 0.00, 0, 0, NULL, NULL, NULL, '2025-08-27 08:03:46', '2025-08-27 08:38:19'),
(47, 66, 2, 0.00, 0.00, 0.00, 0.00, 0, 0, NULL, NULL, NULL, '2025-08-27 08:03:46', '2025-08-27 08:38:19'),
(48, 65, 2, 0.00, 0.00, 0.00, 0.00, 0, 0, NULL, NULL, NULL, '2025-08-27 08:03:46', '2025-08-27 08:38:19'),
(49, 64, 2, 0.00, 0.00, 0.00, 0.00, 0, 0, NULL, NULL, NULL, '2025-08-27 08:03:46', '2025-08-27 08:38:19'),
(50, 63, 2, 0.00, 0.00, 0.00, 0.00, 0, 0, NULL, NULL, NULL, '2025-08-27 08:03:46', '2025-08-27 08:38:19'),
(51, 62, 2, 0.00, 0.00, 0.00, 0.00, 0, 0, NULL, NULL, NULL, '2025-08-27 08:03:46', '2025-08-27 08:38:19'),
(52, 61, 2, 0.00, 0.00, 0.00, 0.00, 0, 0, NULL, NULL, NULL, '2025-08-27 08:03:46', '2025-08-27 08:38:19'),
(53, 60, 2, 0.00, 0.00, 0.00, 0.00, 0, 0, NULL, NULL, NULL, '2025-08-27 08:03:46', '2025-08-27 08:38:19'),
(54, 59, 2, 0.00, 0.00, 0.00, 0.00, 0, 0, NULL, NULL, NULL, '2025-08-27 08:03:46', '2025-08-27 08:38:19'),
(55, 58, 2, 0.00, 0.00, 0.00, 0.00, 0, 0, NULL, NULL, NULL, '2025-08-27 08:03:46', '2025-08-27 08:38:19'),
(56, 57, 2, 0.00, 0.00, 0.00, 0.00, 0, 0, NULL, NULL, NULL, '2025-08-27 08:03:46', '2025-08-27 08:38:19'),
(57, 56, 2, 0.00, 0.00, 0.00, 0.00, 0, 0, NULL, NULL, NULL, '2025-08-27 08:03:46', '2025-08-27 08:38:19'),
(58, 55, 2, 0.00, 0.00, 0.00, 0.00, 0, 0, NULL, NULL, NULL, '2025-08-27 08:03:46', '2025-08-27 08:38:19'),
(59, 54, 2, 0.00, 0.00, 0.00, 0.00, 0, 0, NULL, NULL, NULL, '2025-08-27 08:03:46', '2025-08-27 08:38:19'),
(60, 53, 2, 0.00, 9320.00, 0.00, 9320.00, 55, 0, NULL, NULL, NULL, '2025-08-27 08:03:46', '2025-08-27 08:38:19'),
(61, 52, 2, 0.00, 0.00, 0.00, 0.00, 0, 0, NULL, NULL, NULL, '2025-08-27 08:03:46', '2025-08-27 08:38:19'),
(62, 51, 2, 0.00, 0.00, 0.00, 0.00, 0, 0, NULL, NULL, NULL, '2025-08-27 08:03:46', '2025-08-27 08:38:19'),
(63, 50, 2, 0.00, 0.00, 0.00, 0.00, 0, 0, NULL, NULL, NULL, '2025-08-27 08:03:46', '2025-08-27 08:38:19'),
(64, 49, 2, 0.00, 0.00, 0.00, 0.00, 0, 0, NULL, NULL, NULL, '2025-08-27 08:03:46', '2025-08-27 08:38:19'),
(65, 48, 2, 0.00, 9320.00, 9320.00, 0.00, 55, 0, NULL, NULL, NULL, '2025-08-27 08:03:46', '2025-08-27 08:38:19'),
(66, 47, 2, 0.00, 0.00, 0.00, 0.00, 0, 0, NULL, NULL, NULL, '2025-08-27 08:03:46', '2025-08-27 08:38:19'),
(67, 79, 3, 0.00, 0.00, 0.00, 0.00, 0, 0, NULL, NULL, NULL, '2025-08-27 08:03:46', '2025-08-27 08:38:19'),
(68, 78, 3, 0.00, 0.00, 0.00, 0.00, 0, 0, NULL, NULL, NULL, '2025-08-27 08:03:46', '2025-08-27 08:38:19'),
(69, 77, 3, 0.00, 0.00, 0.00, 0.00, 0, 0, NULL, NULL, NULL, '2025-08-27 08:03:46', '2025-08-27 08:38:19'),
(70, 76, 3, 0.00, 0.00, 0.00, 0.00, 0, 0, NULL, NULL, NULL, '2025-08-27 08:03:46', '2025-08-27 08:38:19'),
(71, 75, 3, 0.00, 0.00, 0.00, 0.00, 0, 0, NULL, NULL, NULL, '2025-08-27 08:03:46', '2025-08-27 08:38:19'),
(72, 74, 3, 0.00, 0.00, 0.00, 0.00, 0, 0, NULL, NULL, NULL, '2025-08-27 08:03:46', '2025-08-27 08:38:19'),
(73, 73, 3, 0.00, 0.00, 0.00, 0.00, 0, 0, NULL, NULL, NULL, '2025-08-27 08:03:46', '2025-08-27 08:38:19'),
(74, 72, 3, 0.00, 0.00, 0.00, 0.00, 0, 0, NULL, NULL, NULL, '2025-08-27 08:03:46', '2025-08-27 08:38:19'),
(75, 71, 3, 0.00, 0.00, 0.00, 0.00, 0, 0, NULL, NULL, NULL, '2025-08-27 08:03:46', '2025-08-27 08:38:19'),
(76, 70, 3, 0.00, 0.00, 0.00, 0.00, 0, 0, NULL, NULL, NULL, '2025-08-27 08:03:46', '2025-08-27 08:38:19'),
(77, 69, 3, 0.00, 0.00, 0.00, 0.00, 0, 0, NULL, NULL, NULL, '2025-08-27 08:03:46', '2025-08-27 08:38:19'),
(78, 68, 3, 0.00, 0.00, 0.00, 0.00, 0, 0, NULL, NULL, NULL, '2025-08-27 08:03:46', '2025-08-27 08:38:19'),
(79, 67, 3, 0.00, 157.26, 157.26, 0.00, 3, 0, NULL, NULL, NULL, '2025-08-27 08:03:46', '2025-08-27 08:38:19'),
(80, 66, 3, 0.00, 0.00, 0.00, 0.00, 0, 0, NULL, NULL, NULL, '2025-08-27 08:03:46', '2025-08-27 08:38:19'),
(81, 65, 3, 0.00, 0.00, 0.00, 0.00, 0, 0, NULL, NULL, NULL, '2025-08-27 08:03:46', '2025-08-27 08:38:19'),
(82, 64, 3, 0.00, 0.00, 0.00, 0.00, 0, 0, NULL, NULL, NULL, '2025-08-27 08:03:46', '2025-08-27 08:38:19'),
(83, 63, 3, 0.00, 0.00, 0.00, 0.00, 0, 0, NULL, NULL, NULL, '2025-08-27 08:03:46', '2025-08-27 08:38:19'),
(84, 62, 3, 0.00, 97.88, 97.88, 0.00, 1, 0, NULL, NULL, NULL, '2025-08-27 08:03:46', '2025-08-27 08:38:19'),
(85, 61, 3, 0.00, 0.00, 0.00, 0.00, 0, 0, NULL, NULL, NULL, '2025-08-27 08:03:46', '2025-08-27 08:38:19'),
(86, 60, 3, 0.00, 0.00, 0.00, 0.00, 0, 0, NULL, NULL, NULL, '2025-08-27 08:03:46', '2025-08-27 08:38:19'),
(87, 59, 3, 0.00, 0.00, 0.00, 0.00, 0, 0, NULL, NULL, NULL, '2025-08-27 08:03:46', '2025-08-27 08:38:19'),
(88, 58, 3, 0.00, 0.00, 0.00, 0.00, 0, 0, NULL, NULL, NULL, '2025-08-27 08:03:46', '2025-08-27 08:38:19'),
(89, 57, 3, 0.00, 0.00, 0.00, 0.00, 0, 0, NULL, NULL, NULL, '2025-08-27 08:03:46', '2025-08-27 08:38:19'),
(90, 56, 3, 0.00, 2000.00, 2000.00, 0.00, 1, 0, NULL, NULL, NULL, '2025-08-27 08:03:46', '2025-08-27 08:38:19'),
(91, 55, 3, 0.00, 0.00, 0.00, 0.00, 0, 0, NULL, NULL, NULL, '2025-08-27 08:03:46', '2025-08-27 08:38:19'),
(92, 54, 3, 0.00, 1989.02, 0.00, 1989.02, 1, 0, NULL, NULL, NULL, '2025-08-27 08:03:46', '2025-08-27 08:38:19'),
(93, 53, 3, 0.00, 9320.00, 0.00, 9320.00, 55, 0, NULL, NULL, NULL, '2025-08-27 08:03:46', '2025-08-27 08:38:19'),
(94, 52, 3, 0.00, 0.00, 0.00, 0.00, 0, 0, NULL, NULL, NULL, '2025-08-27 08:03:46', '2025-08-27 08:38:19'),
(95, 51, 3, 0.00, 0.00, 0.00, 0.00, 0, 0, NULL, NULL, NULL, '2025-08-27 08:03:46', '2025-08-27 08:38:19'),
(96, 50, 3, 0.00, 0.00, 0.00, 0.00, 0, 0, NULL, NULL, NULL, '2025-08-27 08:03:46', '2025-08-27 08:38:19'),
(97, 49, 3, 0.00, -2566.12, 1989.02, 4555.14, 7, 0, NULL, NULL, NULL, '2025-08-27 08:03:46', '2025-08-27 08:38:19'),
(98, 48, 3, 0.00, 9320.00, 9320.00, 0.00, 55, 0, NULL, NULL, NULL, '2025-08-27 08:03:46', '2025-08-27 08:38:19'),
(99, 47, 3, 0.00, 2300.00, 2300.00, 0.00, 1, 0, NULL, NULL, NULL, '2025-08-27 08:03:46', '2025-08-27 08:38:19'),
(100, 79, 4, 0.00, 0.00, 0.00, 0.00, 0, 0, NULL, NULL, NULL, '2025-08-27 08:03:46', '2025-08-27 08:38:19');

INSERT INTO `account_period_balances` (`id`, `account_id`, `period_id`, `balance_brought_down`, `balance_carried_down`, `total_debits`, `total_credits`, `transaction_count`, `is_verified`, `verified_by`, `verified_at`, `notes`, `created_at`, `updated_at`) VALUES
(101, 78, 4, 0.00, 0.00, 0.00, 0.00, 0, 0, NULL, NULL, NULL, '2025-08-27 08:03:46', '2025-08-27 08:38:19'),
(102, 77, 4, 0.00, 0.00, 0.00, 0.00, 0, 0, NULL, NULL, NULL, '2025-08-27 08:03:46', '2025-08-27 08:38:19'),
(103, 76, 4, 0.00, 0.00, 0.00, 0.00, 0, 0, NULL, NULL, NULL, '2025-08-27 08:03:46', '2025-08-27 08:38:19'),
(104, 75, 4, 0.00, 0.00, 0.00, 0.00, 0, 0, NULL, NULL, NULL, '2025-08-27 08:03:46', '2025-08-27 08:38:19'),
(105, 74, 4, 0.00, 0.00, 0.00, 0.00, 0, 0, NULL, NULL, NULL, '2025-08-27 08:03:46', '2025-08-27 08:38:19'),
(106, 73, 4, 0.00, 40.00, 40.00, 0.00, 2, 0, NULL, NULL, NULL, '2025-08-27 08:03:46', '2025-08-27 08:38:19'),
(107, 72, 4, 0.00, 0.00, 0.00, 0.00, 0, 0, NULL, NULL, NULL, '2025-08-27 08:03:46', '2025-08-27 08:38:19'),
(108, 71, 4, 0.00, 0.00, 0.00, 0.00, 0, 0, NULL, NULL, NULL, '2025-08-27 08:03:46', '2025-08-27 08:38:19'),
(109, 70, 4, 0.00, 0.00, 0.00, 0.00, 0, 0, NULL, NULL, NULL, '2025-08-27 08:03:46', '2025-08-27 08:38:19'),
(110, 69, 4, 0.00, 0.00, 0.00, 0.00, 0, 0, NULL, NULL, NULL, '2025-08-27 08:03:46', '2025-08-27 08:38:19'),
(111, 68, 4, 0.00, 0.00, 0.00, 0.00, 0, 0, NULL, NULL, NULL, '2025-08-27 08:03:46', '2025-08-27 08:38:19'),
(112, 67, 4, 0.00, 89.74, 89.74, 0.00, 5, 0, NULL, NULL, NULL, '2025-08-27 08:03:46', '2025-08-27 08:38:19'),
(113, 66, 4, 0.00, 0.00, 0.00, 0.00, 0, 0, NULL, NULL, NULL, '2025-08-27 08:03:46', '2025-08-27 08:38:19'),
(114, 65, 4, 0.00, 185.00, 185.00, 0.00, 1, 0, NULL, NULL, NULL, '2025-08-27 08:03:46', '2025-08-27 08:38:19'),
(115, 64, 4, 0.00, 90.00, 90.00, 0.00, 2, 0, NULL, NULL, NULL, '2025-08-27 08:03:46', '2025-08-27 08:38:19'),
(116, 63, 4, 0.00, 135.00, 135.00, 0.00, 1, 0, NULL, NULL, NULL, '2025-08-27 08:03:46', '2025-08-27 08:38:19'),
(117, 62, 4, 0.00, 99.00, 99.00, 0.00, 1, 0, NULL, NULL, NULL, '2025-08-27 08:03:46', '2025-08-27 08:38:19'),
(118, 61, 4, 0.00, 192.00, 192.00, 0.00, 1, 0, NULL, NULL, NULL, '2025-08-27 08:03:46', '2025-08-27 08:38:19'),
(119, 60, 4, 0.00, 0.00, 0.00, 0.00, 0, 0, NULL, NULL, NULL, '2025-08-27 08:03:46', '2025-08-27 08:38:19'),
(120, 59, 4, 0.00, 0.00, 0.00, 0.00, 0, 0, NULL, NULL, NULL, '2025-08-27 08:03:46', '2025-08-27 08:38:19'),
(121, 58, 4, 0.00, 0.00, 0.00, 0.00, 0, 0, NULL, NULL, NULL, '2025-08-27 08:03:46', '2025-08-27 08:38:19'),
(122, 57, 4, 0.00, 0.00, 0.00, 0.00, 0, 0, NULL, NULL, NULL, '2025-08-27 08:03:46', '2025-08-27 08:38:19'),
(123, 56, 4, 0.00, 700.00, 700.00, 0.00, 4, 0, NULL, NULL, NULL, '2025-08-27 08:03:46', '2025-08-27 08:38:19'),
(124, 55, 4, 0.00, 35.00, 35.00, 0.00, 1, 0, NULL, NULL, NULL, '2025-08-27 08:03:46', '2025-08-27 08:38:19'),
(125, 54, 4, 0.00, 0.00, 0.00, 0.00, 0, 0, NULL, NULL, NULL, '2025-08-27 08:03:46', '2025-08-27 08:38:19'),
(126, 53, 4, 0.00, 9320.00, 0.00, 9320.00, 55, 0, NULL, NULL, NULL, '2025-08-27 08:03:46', '2025-08-27 08:38:19'),
(127, 52, 4, 0.00, 0.00, 0.00, 0.00, 0, 0, NULL, NULL, NULL, '2025-08-27 08:03:46', '2025-08-27 08:38:19'),
(128, 51, 4, 0.00, 0.00, 0.00, 0.00, 0, 0, NULL, NULL, NULL, '2025-08-27 08:03:46', '2025-08-27 08:38:19'),
(129, 50, 4, 0.00, 0.00, 0.00, 0.00, 0, 0, NULL, NULL, NULL, '2025-08-27 08:03:46', '2025-08-27 08:38:19'),
(130, 49, 4, 0.00, -428.74, 0.00, 428.74, 5, 0, NULL, NULL, NULL, '2025-08-27 08:03:46', '2025-08-27 08:38:19'),
(131, 48, 4, 0.00, 17655.00, 18715.00, 1060.00, 66, 0, NULL, NULL, NULL, '2025-08-27 08:03:46', '2025-08-27 08:38:19'),
(132, 47, 4, 0.00, -9472.00, 1060.00, 10532.00, 24, 0, NULL, NULL, NULL, '2025-08-27 08:03:46', '2025-08-27 08:38:19'),
(133, 79, 5, 0.00, 0.00, 0.00, 0.00, 0, 0, NULL, NULL, NULL, '2025-08-27 08:03:46', '2025-08-27 08:38:56'),
(134, 78, 5, 0.00, 0.00, 0.00, 0.00, 0, 0, NULL, NULL, NULL, '2025-08-27 08:03:46', '2025-08-27 08:38:56'),
(135, 77, 5, 0.00, 0.00, 0.00, 0.00, 0, 0, NULL, NULL, NULL, '2025-08-27 08:03:46', '2025-08-27 08:38:56'),
(136, 76, 5, 0.00, 0.00, 0.00, 0.00, 0, 0, NULL, NULL, NULL, '2025-08-27 08:03:46', '2025-08-27 08:38:56'),
(137, 75, 5, 0.00, 0.00, 0.00, 0.00, 0, 0, NULL, NULL, NULL, '2025-08-27 08:03:46', '2025-08-27 08:38:56'),
(138, 74, 5, 0.00, 0.00, 0.00, 0.00, 0, 0, NULL, NULL, NULL, '2025-08-27 08:03:46', '2025-08-27 08:38:56'),
(139, 73, 5, 0.00, 30.00, 30.00, 0.00, 1, 0, NULL, NULL, NULL, '2025-08-27 08:03:46', '2025-08-27 08:38:56'),
(140, 72, 5, 0.00, 0.00, 0.00, 0.00, 0, 0, NULL, NULL, NULL, '2025-08-27 08:03:46', '2025-08-27 08:38:56'),
(141, 71, 5, 0.00, 0.00, 0.00, 0.00, 0, 0, NULL, NULL, NULL, '2025-08-27 08:03:46', '2025-08-27 08:38:56'),
(142, 70, 5, 0.00, 0.00, 0.00, 0.00, 0, 0, NULL, NULL, NULL, '2025-08-27 08:03:46', '2025-08-27 08:38:56'),
(143, 69, 5, 0.00, 0.00, 0.00, 0.00, 0, 0, NULL, NULL, NULL, '2025-08-27 08:03:46', '2025-08-27 08:38:56'),
(144, 68, 5, 0.00, 0.00, 0.00, 0.00, 0, 0, NULL, NULL, NULL, '2025-08-27 08:03:46', '2025-08-27 08:38:56'),
(145, 67, 5, 0.00, 3607.15, 3607.15, 0.00, 7, 0, NULL, NULL, NULL, '2025-08-27 08:03:46', '2025-08-27 08:38:56'),
(146, 66, 5, 0.00, 0.00, 0.00, 0.00, 0, 0, NULL, NULL, NULL, '2025-08-27 08:03:46', '2025-08-27 08:38:56'),
(147, 65, 5, 0.00, 450.00, 450.00, 0.00, 1, 0, NULL, NULL, NULL, '2025-08-27 08:03:46', '2025-08-27 08:38:56'),
(148, 64, 5, 0.00, 0.00, 0.00, 0.00, 0, 0, NULL, NULL, NULL, '2025-08-27 08:03:46', '2025-08-27 08:38:56'),
(149, 63, 5, 0.00, 90.00, 90.00, 0.00, 1, 0, NULL, NULL, NULL, '2025-08-27 08:03:46', '2025-08-27 08:38:56'),
(150, 62, 5, 0.00, 0.00, 0.00, 0.00, 0, 0, NULL, NULL, NULL, '2025-08-27 08:03:46', '2025-08-27 08:38:56'),
(151, 61, 5, 0.00, 192.00, 192.00, 0.00, 1, 0, NULL, NULL, NULL, '2025-08-27 08:03:46', '2025-08-27 08:38:56'),
(152, 60, 5, 0.00, 0.00, 0.00, 0.00, 0, 0, NULL, NULL, NULL, '2025-08-27 08:03:46', '2025-08-27 08:38:56'),
(153, 59, 5, 0.00, 0.00, 0.00, 0.00, 0, 0, NULL, NULL, NULL, '2025-08-27 08:03:46', '2025-08-27 08:38:56'),
(154, 58, 5, 0.00, 0.00, 0.00, 0.00, 0, 0, NULL, NULL, NULL, '2025-08-27 08:03:46', '2025-08-27 08:38:56'),
(155, 57, 5, 0.00, 129.00, 129.00, 0.00, 2, 0, NULL, NULL, NULL, '2025-08-27 08:03:46', '2025-08-27 08:38:56'),
(156, 56, 5, 0.00, 2750.00, 2750.00, 0.00, 5, 0, NULL, NULL, NULL, '2025-08-27 08:03:46', '2025-08-27 08:38:56'),
(157, 55, 5, 0.00, 50.00, 50.00, 0.00, 2, 0, NULL, NULL, NULL, '2025-08-27 08:03:46', '2025-08-27 08:38:56'),
(158, 54, 5, 0.00, 0.24, 0.00, 0.24, 1, 0, NULL, NULL, NULL, '2025-08-27 08:03:46', '2025-08-27 08:38:56'),
(159, 53, 5, 0.00, 9320.00, 0.00, 9320.00, 55, 0, NULL, NULL, NULL, '2025-08-27 08:03:46', '2025-08-27 08:38:56'),
(160, 52, 5, 0.00, 0.00, 0.00, 0.00, 0, 0, NULL, NULL, NULL, '2025-08-27 08:03:46', '2025-08-27 08:38:56'),
(161, 51, 5, 0.00, 0.00, 0.00, 0.00, 0, 0, NULL, NULL, NULL, '2025-08-27 08:03:46', '2025-08-27 08:38:56'),
(162, 50, 5, 0.00, 7000.00, 7000.00, 0.00, 1, 0, NULL, NULL, NULL, '2025-08-27 08:03:46', '2025-08-27 08:38:56'),
(163, 49, 5, 0.00, -118.91, 0.24, 119.15, 5, 0, NULL, NULL, NULL, '2025-08-27 08:03:46', '2025-08-27 08:38:56'),
(164, 48, 5, 0.00, 13493.00, 21683.00, 8190.00, 71, 0, NULL, NULL, NULL, '2025-08-27 08:03:46', '2025-08-27 08:38:56'),
(165, 47, 5, 0.00, -18352.00, 1190.00, 19542.00, 31, 0, NULL, NULL, NULL, '2025-08-27 08:03:46', '2025-08-27 08:38:56'),
(166, 79, 6, 0.00, 0.00, 0.00, 0.00, 0, 0, NULL, NULL, NULL, '2025-08-27 08:03:46', '2025-08-27 08:38:56'),
(167, 78, 6, 0.00, 0.00, 0.00, 0.00, 0, 0, NULL, NULL, NULL, '2025-08-27 08:03:46', '2025-08-27 08:38:56'),
(168, 77, 6, 0.00, 0.00, 0.00, 0.00, 0, 0, NULL, NULL, NULL, '2025-08-27 08:03:46', '2025-08-27 08:38:56'),
(169, 76, 6, 0.00, 0.00, 0.00, 0.00, 0, 0, NULL, NULL, NULL, '2025-08-27 08:03:46', '2025-08-27 08:38:56'),
(170, 75, 6, 0.00, 0.00, 0.00, 0.00, 0, 0, NULL, NULL, NULL, '2025-08-27 08:03:46', '2025-08-27 08:38:56'),
(171, 74, 6, 0.00, 0.00, 0.00, 0.00, 0, 0, NULL, NULL, NULL, '2025-08-27 08:03:46', '2025-08-27 08:38:56'),
(172, 73, 6, 30.00, 30.00, 30.00, 0.00, 1, 0, NULL, NULL, NULL, '2025-08-27 08:03:46', '2025-08-27 08:38:56'),
(173, 72, 6, 0.00, 0.00, 0.00, 0.00, 0, 0, NULL, NULL, NULL, '2025-08-27 08:03:46', '2025-08-27 08:38:56'),
(174, 71, 6, 0.00, 0.00, 0.00, 0.00, 0, 0, NULL, NULL, NULL, '2025-08-27 08:03:46', '2025-08-27 08:38:56'),
(175, 70, 6, 0.00, 0.00, 0.00, 0.00, 0, 0, NULL, NULL, NULL, '2025-08-27 08:03:46', '2025-08-27 08:38:56'),
(176, 69, 6, 0.00, 0.00, 0.00, 0.00, 0, 0, NULL, NULL, NULL, '2025-08-27 08:03:46', '2025-08-27 08:38:56'),
(177, 68, 6, 0.00, 0.00, 0.00, 0.00, 0, 0, NULL, NULL, NULL, '2025-08-27 08:03:46', '2025-08-27 08:38:56'),
(178, 67, 6, 3607.15, 457.48, 457.48, 0.00, 4, 0, NULL, NULL, NULL, '2025-08-27 08:03:46', '2025-08-27 08:38:56'),
(179, 66, 6, 0.00, 0.00, 0.00, 0.00, 0, 0, NULL, NULL, NULL, '2025-08-27 08:03:46', '2025-08-27 08:38:56'),
(180, 65, 6, 450.00, 450.00, 450.00, 0.00, 1, 0, NULL, NULL, NULL, '2025-08-27 08:03:46', '2025-08-27 08:38:56'),
(181, 64, 6, 0.00, 70.00, 70.00, 0.00, 1, 0, NULL, NULL, NULL, '2025-08-27 08:03:46', '2025-08-27 08:38:56'),
(182, 63, 6, 90.00, 90.00, 90.00, 0.00, 1, 0, NULL, NULL, NULL, '2025-08-27 08:03:46', '2025-08-27 08:38:56'),
(183, 62, 6, 0.00, 99.00, 99.00, 0.00, 1, 0, NULL, NULL, NULL, '2025-08-27 08:03:46', '2025-08-27 08:38:56'),
(184, 61, 6, 192.00, 222.00, 222.00, 0.00, 2, 0, NULL, NULL, NULL, '2025-08-27 08:03:46', '2025-08-27 08:38:56'),
(185, 60, 6, 0.00, 0.00, 0.00, 0.00, 0, 0, NULL, NULL, NULL, '2025-08-27 08:03:46', '2025-08-27 08:38:56'),
(186, 59, 6, 0.00, 0.00, 0.00, 0.00, 0, 0, NULL, NULL, NULL, '2025-08-27 08:03:46', '2025-08-27 08:38:56'),
(187, 58, 6, 0.00, 0.00, 0.00, 0.00, 0, 0, NULL, NULL, NULL, '2025-08-27 08:03:46', '2025-08-27 08:38:56'),
(188, 57, 6, 129.00, 200.00, 200.00, 0.00, 1, 0, NULL, NULL, NULL, '2025-08-27 08:03:46', '2025-08-27 08:38:56'),
(189, 56, 6, 2750.00, 750.00, 750.00, 0.00, 4, 0, NULL, NULL, NULL, '2025-08-27 08:03:46', '2025-08-27 08:38:56'),
(190, 55, 6, 50.00, 50.00, 50.00, 0.00, 1, 0, NULL, NULL, NULL, '2025-08-27 08:03:46', '2025-08-27 08:38:56'),
(191, 54, 6, 0.24, 0.00, 0.00, 0.00, 0, 0, NULL, NULL, NULL, '2025-08-27 08:03:46', '2025-08-27 08:38:56'),
(192, 53, 6, 9320.00, 0.00, 0.00, 0.00, 0, 0, NULL, NULL, NULL, '2025-08-27 08:03:46', '2025-08-27 08:38:56'),
(193, 52, 6, 0.00, 0.00, 0.00, 0.00, 0, 0, NULL, NULL, NULL, '2025-08-27 08:03:46', '2025-08-27 08:38:56'),
(194, 51, 6, 0.00, 0.00, 0.00, 0.00, 0, 0, NULL, NULL, NULL, '2025-08-27 08:03:46', '2025-08-27 08:38:56'),
(195, 50, 6, 7000.00, 0.00, 0.00, 0.00, 0, 0, NULL, NULL, NULL, '2025-08-27 08:03:46', '2025-08-27 08:38:56'),
(196, 49, 6, -118.91, -766.48, 0.00, 766.48, 5, 0, NULL, NULL, NULL, '2025-08-27 08:03:46', '2025-08-27 08:38:56'),
(197, 48, 6, 13493.00, -1812.00, 0.00, 1812.00, 5, 0, NULL, NULL, NULL, '2025-08-27 08:03:46', '2025-08-27 08:38:56'),
(198, 47, 6, -18352.00, 160.00, 1812.00, 1652.00, 17, 0, NULL, NULL, NULL, '2025-08-27 08:03:46', '2025-08-27 08:38:56'),
(199, 79, 7, 0.00, 0.00, 0.00, 0.00, 0, 0, NULL, NULL, NULL, '2025-08-27 08:03:46', '2025-08-27 08:38:19'),
(200, 78, 7, 0.00, 0.00, 0.00, 0.00, 0, 0, NULL, NULL, NULL, '2025-08-27 08:03:46', '2025-08-27 08:38:19');

INSERT INTO `account_period_balances` (`id`, `account_id`, `period_id`, `balance_brought_down`, `balance_carried_down`, `total_debits`, `total_credits`, `transaction_count`, `is_verified`, `verified_by`, `verified_at`, `notes`, `created_at`, `updated_at`) VALUES
(201, 77, 7, 0.00, 0.00, 0.00, 0.00, 0, 0, NULL, NULL, NULL, '2025-08-27 08:03:46', '2025-08-27 08:38:19'),
(202, 76, 7, 0.00, 0.00, 0.00, 0.00, 0, 0, NULL, NULL, NULL, '2025-08-27 08:03:46', '2025-08-27 08:38:19'),
(203, 75, 7, 0.00, 0.00, 0.00, 0.00, 0, 0, NULL, NULL, NULL, '2025-08-27 08:03:46', '2025-08-27 08:38:19'),
(204, 74, 7, 0.00, 0.00, 0.00, 0.00, 0, 0, NULL, NULL, NULL, '2025-08-27 08:03:46', '2025-08-27 08:38:19'),
(205, 73, 7, 0.00, 0.00, 0.00, 0.00, 0, 0, NULL, NULL, NULL, '2025-08-27 08:03:46', '2025-08-27 08:38:19'),
(206, 72, 7, 0.00, 0.00, 0.00, 0.00, 0, 0, NULL, NULL, NULL, '2025-08-27 08:03:46', '2025-08-27 08:38:19'),
(207, 71, 7, 0.00, 0.00, 0.00, 0.00, 0, 0, NULL, NULL, NULL, '2025-08-27 08:03:46', '2025-08-27 08:38:19'),
(208, 70, 7, 0.00, 0.00, 0.00, 0.00, 0, 0, NULL, NULL, NULL, '2025-08-27 08:03:46', '2025-08-27 08:38:19'),
(209, 69, 7, 0.00, 0.00, 0.00, 0.00, 0, 0, NULL, NULL, NULL, '2025-08-27 08:03:46', '2025-08-27 08:38:19'),
(210, 68, 7, 0.00, 0.00, 0.00, 0.00, 0, 0, NULL, NULL, NULL, '2025-08-27 08:03:46', '2025-08-27 08:38:19'),
(211, 67, 7, 0.00, 0.00, 0.00, 0.00, 0, 0, NULL, NULL, NULL, '2025-08-27 08:03:46', '2025-08-27 08:38:19'),
(212, 66, 7, 0.00, 0.00, 0.00, 0.00, 0, 0, NULL, NULL, NULL, '2025-08-27 08:03:46', '2025-08-27 08:38:19'),
(213, 65, 7, 0.00, 0.00, 0.00, 0.00, 0, 0, NULL, NULL, NULL, '2025-08-27 08:03:46', '2025-08-27 08:38:19'),
(214, 64, 7, 0.00, 0.00, 0.00, 0.00, 0, 0, NULL, NULL, NULL, '2025-08-27 08:03:46', '2025-08-27 08:38:19'),
(215, 63, 7, 0.00, 0.00, 0.00, 0.00, 0, 0, NULL, NULL, NULL, '2025-08-27 08:03:46', '2025-08-27 08:38:19'),
(216, 62, 7, 0.00, 0.00, 0.00, 0.00, 0, 0, NULL, NULL, NULL, '2025-08-27 08:03:46', '2025-08-27 08:38:19'),
(217, 61, 7, 0.00, 0.00, 0.00, 0.00, 0, 0, NULL, NULL, NULL, '2025-08-27 08:03:46', '2025-08-27 08:38:19'),
(218, 60, 7, 0.00, 0.00, 0.00, 0.00, 0, 0, NULL, NULL, NULL, '2025-08-27 08:03:46', '2025-08-27 08:38:19'),
(219, 59, 7, 0.00, 0.00, 0.00, 0.00, 0, 0, NULL, NULL, NULL, '2025-08-27 08:03:46', '2025-08-27 08:38:19'),
(220, 58, 7, 0.00, 0.00, 0.00, 0.00, 0, 0, NULL, NULL, NULL, '2025-08-27 08:03:46', '2025-08-27 08:38:19'),
(221, 57, 7, 0.00, 0.00, 0.00, 0.00, 0, 0, NULL, NULL, NULL, '2025-08-27 08:03:46', '2025-08-27 08:38:19'),
(222, 56, 7, 0.00, 0.00, 0.00, 0.00, 0, 0, NULL, NULL, NULL, '2025-08-27 08:03:46', '2025-08-27 08:38:19'),
(223, 55, 7, 0.00, 0.00, 0.00, 0.00, 0, 0, NULL, NULL, NULL, '2025-08-27 08:03:46', '2025-08-27 08:38:19'),
(224, 54, 7, 0.00, 0.00, 0.00, 0.00, 0, 0, NULL, NULL, NULL, '2025-08-27 08:03:46', '2025-08-27 08:38:19'),
(225, 53, 7, 0.00, 0.00, 0.00, 0.00, 0, 0, NULL, NULL, NULL, '2025-08-27 08:03:46', '2025-08-27 08:38:19'),
(226, 52, 7, 0.00, 0.00, 0.00, 0.00, 0, 0, NULL, NULL, NULL, '2025-08-27 08:03:46', '2025-08-27 08:38:19'),
(227, 51, 7, 0.00, 0.00, 0.00, 0.00, 0, 0, NULL, NULL, NULL, '2025-08-27 08:03:46', '2025-08-27 08:38:19'),
(228, 50, 7, 0.00, 0.00, 0.00, 0.00, 0, 0, NULL, NULL, NULL, '2025-08-27 08:03:46', '2025-08-27 08:38:19'),
(229, 49, 7, 0.00, 0.00, 0.00, 0.00, 0, 0, NULL, NULL, NULL, '2025-08-27 08:03:46', '2025-08-27 08:38:19'),
(230, 48, 7, 0.00, 0.00, 0.00, 0.00, 0, 0, NULL, NULL, NULL, '2025-08-27 08:03:46', '2025-08-27 08:38:19'),
(231, 47, 7, 0.00, 0.00, 0.00, 0.00, 0, 0, NULL, NULL, NULL, '2025-08-27 08:03:46', '2025-08-27 08:38:19'),
(232, 79, 8, 0.00, 0.00, 0.00, 0.00, 0, 0, NULL, NULL, NULL, '2025-08-27 08:03:46', '2025-08-27 08:38:19'),
(233, 78, 8, 0.00, 0.00, 0.00, 0.00, 0, 0, NULL, NULL, NULL, '2025-08-27 08:03:46', '2025-08-27 08:38:19'),
(234, 77, 8, 0.00, 0.00, 0.00, 0.00, 0, 0, NULL, NULL, NULL, '2025-08-27 08:03:46', '2025-08-27 08:38:19'),
(235, 76, 8, 0.00, 0.00, 0.00, 0.00, 0, 0, NULL, NULL, NULL, '2025-08-27 08:03:46', '2025-08-27 08:38:19'),
(236, 75, 8, 0.00, 0.00, 0.00, 0.00, 0, 0, NULL, NULL, NULL, '2025-08-27 08:03:46', '2025-08-27 08:38:19'),
(237, 74, 8, 0.00, 0.00, 0.00, 0.00, 0, 0, NULL, NULL, NULL, '2025-08-27 08:03:46', '2025-08-27 08:38:19'),
(238, 73, 8, 0.00, 0.00, 0.00, 0.00, 0, 0, NULL, NULL, NULL, '2025-08-27 08:03:46', '2025-08-27 08:38:19'),
(239, 72, 8, 0.00, 0.00, 0.00, 0.00, 0, 0, NULL, NULL, NULL, '2025-08-27 08:03:46', '2025-08-27 08:38:19'),
(240, 71, 8, 0.00, 0.00, 0.00, 0.00, 0, 0, NULL, NULL, NULL, '2025-08-27 08:03:46', '2025-08-27 08:38:19'),
(241, 70, 8, 0.00, 0.00, 0.00, 0.00, 0, 0, NULL, NULL, NULL, '2025-08-27 08:03:46', '2025-08-27 08:38:19'),
(242, 69, 8, 0.00, 0.00, 0.00, 0.00, 0, 0, NULL, NULL, NULL, '2025-08-27 08:03:46', '2025-08-27 08:38:19'),
(243, 68, 8, 0.00, 0.00, 0.00, 0.00, 0, 0, NULL, NULL, NULL, '2025-08-27 08:03:46', '2025-08-27 08:38:19'),
(244, 67, 8, 0.00, 0.00, 0.00, 0.00, 0, 0, NULL, NULL, NULL, '2025-08-27 08:03:46', '2025-08-27 08:38:19'),
(245, 66, 8, 0.00, 0.00, 0.00, 0.00, 0, 0, NULL, NULL, NULL, '2025-08-27 08:03:46', '2025-08-27 08:38:19'),
(246, 65, 8, 0.00, 0.00, 0.00, 0.00, 0, 0, NULL, NULL, NULL, '2025-08-27 08:03:46', '2025-08-27 08:38:19'),
(247, 64, 8, 0.00, 0.00, 0.00, 0.00, 0, 0, NULL, NULL, NULL, '2025-08-27 08:03:46', '2025-08-27 08:38:19'),
(248, 63, 8, 0.00, 0.00, 0.00, 0.00, 0, 0, NULL, NULL, NULL, '2025-08-27 08:03:46', '2025-08-27 08:38:19'),
(249, 62, 8, 0.00, 0.00, 0.00, 0.00, 0, 0, NULL, NULL, NULL, '2025-08-27 08:03:46', '2025-08-27 08:38:19'),
(250, 61, 8, 0.00, 0.00, 0.00, 0.00, 0, 0, NULL, NULL, NULL, '2025-08-27 08:03:46', '2025-08-27 08:38:19'),
(251, 60, 8, 0.00, 0.00, 0.00, 0.00, 0, 0, NULL, NULL, NULL, '2025-08-27 08:03:46', '2025-08-27 08:38:19'),
(252, 59, 8, 0.00, 0.00, 0.00, 0.00, 0, 0, NULL, NULL, NULL, '2025-08-27 08:03:46', '2025-08-27 08:38:19'),
(253, 58, 8, 0.00, 0.00, 0.00, 0.00, 0, 0, NULL, NULL, NULL, '2025-08-27 08:03:46', '2025-08-27 08:38:19'),
(254, 57, 8, 0.00, 0.00, 0.00, 0.00, 0, 0, NULL, NULL, NULL, '2025-08-27 08:03:46', '2025-08-27 08:38:19'),
(255, 56, 8, 0.00, 0.00, 0.00, 0.00, 0, 0, NULL, NULL, NULL, '2025-08-27 08:03:46', '2025-08-27 08:38:19'),
(256, 55, 8, 0.00, 0.00, 0.00, 0.00, 0, 0, NULL, NULL, NULL, '2025-08-27 08:03:46', '2025-08-27 10:00:49'),
(257, 54, 8, 0.00, 0.00, 0.00, 0.00, 0, 0, NULL, NULL, NULL, '2025-08-27 08:03:46', '2025-08-27 08:38:19'),
(258, 53, 8, 0.00, 0.00, 0.00, 0.00, 0, 0, NULL, NULL, NULL, '2025-08-27 08:03:46', '2025-08-27 08:38:19'),
(259, 52, 8, 0.00, 0.00, 0.00, 0.00, 0, 0, NULL, NULL, NULL, '2025-08-27 08:03:46', '2025-08-27 08:38:19'),
(260, 51, 8, 0.00, 0.00, 0.00, 0.00, 0, 0, NULL, NULL, NULL, '2025-08-27 08:03:46', '2025-08-27 08:38:19'),
(261, 50, 8, 0.00, 0.00, 0.00, 0.00, 0, 0, NULL, NULL, NULL, '2025-08-27 08:03:46', '2025-08-27 08:38:19'),
(262, 49, 8, 0.00, 0.00, 0.00, 0.00, 0, 0, NULL, NULL, NULL, '2025-08-27 08:03:46', '2025-08-27 08:38:19'),
(263, 48, 8, 0.00, 0.00, 0.00, 0.00, 0, 0, NULL, NULL, NULL, '2025-08-27 08:03:46', '2025-08-27 08:38:19'),
(264, 47, 8, 0.00, 0.00, 0.00, 0.00, 0, 0, NULL, NULL, NULL, '2025-08-27 08:03:46', '2025-08-27 08:38:19'),
(265, 79, 9, 0.00, 0.00, 0.00, 0.00, 0, 0, NULL, NULL, NULL, '2025-08-27 08:03:46', '2025-08-27 08:38:19'),
(266, 78, 9, 0.00, 0.00, 0.00, 0.00, 0, 0, NULL, NULL, NULL, '2025-08-27 08:03:46', '2025-08-27 08:38:19'),
(267, 77, 9, 0.00, 0.00, 0.00, 0.00, 0, 0, NULL, NULL, NULL, '2025-08-27 08:03:46', '2025-08-27 08:38:19'),
(268, 76, 9, 0.00, 0.00, 0.00, 0.00, 0, 0, NULL, NULL, NULL, '2025-08-27 08:03:46', '2025-08-27 08:38:19'),
(269, 75, 9, 0.00, 0.00, 0.00, 0.00, 0, 0, NULL, NULL, NULL, '2025-08-27 08:03:46', '2025-08-27 08:38:19'),
(270, 74, 9, 0.00, 0.00, 0.00, 0.00, 0, 0, NULL, NULL, NULL, '2025-08-27 08:03:46', '2025-08-27 08:38:19'),
(271, 73, 9, 0.00, 0.00, 0.00, 0.00, 0, 0, NULL, NULL, NULL, '2025-08-27 08:03:46', '2025-08-27 08:38:19'),
(272, 72, 9, 0.00, 0.00, 0.00, 0.00, 0, 0, NULL, NULL, NULL, '2025-08-27 08:03:46', '2025-08-27 08:38:19'),
(273, 71, 9, 0.00, 0.00, 0.00, 0.00, 0, 0, NULL, NULL, NULL, '2025-08-27 08:03:46', '2025-08-27 08:38:19'),
(274, 70, 9, 0.00, 0.00, 0.00, 0.00, 0, 0, NULL, NULL, NULL, '2025-08-27 08:03:46', '2025-08-27 08:38:19'),
(275, 69, 9, 0.00, 0.00, 0.00, 0.00, 0, 0, NULL, NULL, NULL, '2025-08-27 08:03:46', '2025-08-27 08:38:19'),
(276, 68, 9, 0.00, 0.00, 0.00, 0.00, 0, 0, NULL, NULL, NULL, '2025-08-27 08:03:46', '2025-08-27 08:38:19'),
(277, 67, 9, 0.00, 0.00, 0.00, 0.00, 0, 0, NULL, NULL, NULL, '2025-08-27 08:03:46', '2025-08-27 08:38:19'),
(278, 66, 9, 0.00, 0.00, 0.00, 0.00, 0, 0, NULL, NULL, NULL, '2025-08-27 08:03:46', '2025-08-27 08:38:19'),
(279, 65, 9, 0.00, 0.00, 0.00, 0.00, 0, 0, NULL, NULL, NULL, '2025-08-27 08:03:46', '2025-08-27 08:38:19'),
(280, 64, 9, 0.00, 0.00, 0.00, 0.00, 0, 0, NULL, NULL, NULL, '2025-08-27 08:03:46', '2025-08-27 08:38:19'),
(281, 63, 9, 0.00, 0.00, 0.00, 0.00, 0, 0, NULL, NULL, NULL, '2025-08-27 08:03:46', '2025-08-27 08:38:19'),
(282, 62, 9, 0.00, 0.00, 0.00, 0.00, 0, 0, NULL, NULL, NULL, '2025-08-27 08:03:46', '2025-08-27 08:38:19'),
(283, 61, 9, 0.00, 0.00, 0.00, 0.00, 0, 0, NULL, NULL, NULL, '2025-08-27 08:03:46', '2025-08-27 08:38:19'),
(284, 60, 9, 0.00, 0.00, 0.00, 0.00, 0, 0, NULL, NULL, NULL, '2025-08-27 08:03:46', '2025-08-27 08:38:19'),
(285, 59, 9, 0.00, 0.00, 0.00, 0.00, 0, 0, NULL, NULL, NULL, '2025-08-27 08:03:46', '2025-08-27 08:38:19'),
(286, 58, 9, 0.00, 0.00, 0.00, 0.00, 0, 0, NULL, NULL, NULL, '2025-08-27 08:03:46', '2025-08-27 08:38:19'),
(287, 57, 9, 0.00, 0.00, 0.00, 0.00, 0, 0, NULL, NULL, NULL, '2025-08-27 08:03:46', '2025-08-27 08:38:19'),
(288, 56, 9, 0.00, 0.00, 0.00, 0.00, 0, 0, NULL, NULL, NULL, '2025-08-27 08:03:46', '2025-08-27 08:38:19'),
(289, 55, 9, 0.00, 0.00, 0.00, 0.00, 0, 0, NULL, NULL, NULL, '2025-08-27 08:03:46', '2025-08-27 08:38:19'),
(290, 54, 9, 0.00, 0.00, 0.00, 0.00, 0, 0, NULL, NULL, NULL, '2025-08-27 08:03:46', '2025-08-27 08:38:19'),
(291, 53, 9, 0.00, 0.00, 0.00, 0.00, 0, 0, NULL, NULL, NULL, '2025-08-27 08:03:46', '2025-08-27 08:38:19'),
(292, 52, 9, 0.00, 0.00, 0.00, 0.00, 0, 0, NULL, NULL, NULL, '2025-08-27 08:03:46', '2025-08-27 08:38:19'),
(293, 51, 9, 0.00, 0.00, 0.00, 0.00, 0, 0, NULL, NULL, NULL, '2025-08-27 08:03:46', '2025-08-27 08:38:19'),
(294, 50, 9, 0.00, 0.00, 0.00, 0.00, 0, 0, NULL, NULL, NULL, '2025-08-27 08:03:46', '2025-08-27 08:38:19'),
(295, 49, 9, 0.00, 0.00, 0.00, 0.00, 0, 0, NULL, NULL, NULL, '2025-08-27 08:03:46', '2025-09-01 20:54:45'),
(296, 48, 9, 0.00, 0.00, 0.00, 0.00, 0, 0, NULL, NULL, NULL, '2025-08-27 08:03:46', '2025-08-27 08:38:19'),
(297, 47, 9, 0.00, 0.00, 0.00, 0.00, 0, 0, NULL, NULL, NULL, '2025-08-27 08:03:46', '2025-08-27 08:38:19'),
(298, 79, 10, 0.00, 0.00, 0.00, 0.00, 0, 0, NULL, NULL, NULL, '2025-08-27 08:03:46', '2025-08-27 08:38:19'),
(299, 78, 10, 0.00, 0.00, 0.00, 0.00, 0, 0, NULL, NULL, NULL, '2025-08-27 08:03:46', '2025-08-27 08:38:19'),
(300, 77, 10, 0.00, 0.00, 0.00, 0.00, 0, 0, NULL, NULL, NULL, '2025-08-27 08:03:46', '2025-08-27 08:38:19');

INSERT INTO `account_period_balances` (`id`, `account_id`, `period_id`, `balance_brought_down`, `balance_carried_down`, `total_debits`, `total_credits`, `transaction_count`, `is_verified`, `verified_by`, `verified_at`, `notes`, `created_at`, `updated_at`) VALUES
(301, 76, 10, 0.00, 0.00, 0.00, 0.00, 0, 0, NULL, NULL, NULL, '2025-08-27 08:03:46', '2025-08-27 08:38:19'),
(302, 75, 10, 0.00, 0.00, 0.00, 0.00, 0, 0, NULL, NULL, NULL, '2025-08-27 08:03:46', '2025-08-27 08:38:19'),
(303, 74, 10, 0.00, 0.00, 0.00, 0.00, 0, 0, NULL, NULL, NULL, '2025-08-27 08:03:46', '2025-08-27 08:38:19'),
(304, 73, 10, 0.00, 0.00, 0.00, 0.00, 0, 0, NULL, NULL, NULL, '2025-08-27 08:03:46', '2025-08-27 08:38:19'),
(305, 72, 10, 0.00, 0.00, 0.00, 0.00, 0, 0, NULL, NULL, NULL, '2025-08-27 08:03:46', '2025-08-27 08:38:19'),
(306, 71, 10, 0.00, 0.00, 0.00, 0.00, 0, 0, NULL, NULL, NULL, '2025-08-27 08:03:46', '2025-08-27 08:38:19'),
(307, 70, 10, 0.00, 0.00, 0.00, 0.00, 0, 0, NULL, NULL, NULL, '2025-08-27 08:03:46', '2025-08-27 08:38:19'),
(308, 69, 10, 0.00, 0.00, 0.00, 0.00, 0, 0, NULL, NULL, NULL, '2025-08-27 08:03:46', '2025-08-27 08:38:19'),
(309, 68, 10, 0.00, 0.00, 0.00, 0.00, 0, 0, NULL, NULL, NULL, '2025-08-27 08:03:46', '2025-08-27 08:38:19'),
(310, 67, 10, 0.00, 0.00, 0.00, 0.00, 0, 0, NULL, NULL, NULL, '2025-08-27 08:03:46', '2025-08-27 08:38:19'),
(311, 66, 10, 0.00, 0.00, 0.00, 0.00, 0, 0, NULL, NULL, NULL, '2025-08-27 08:03:46', '2025-08-27 08:38:19'),
(312, 65, 10, 0.00, 0.00, 0.00, 0.00, 0, 0, NULL, NULL, NULL, '2025-08-27 08:03:46', '2025-08-27 08:38:19'),
(313, 64, 10, 0.00, 0.00, 0.00, 0.00, 0, 0, NULL, NULL, NULL, '2025-08-27 08:03:46', '2025-08-27 08:38:19'),
(314, 63, 10, 0.00, 0.00, 0.00, 0.00, 0, 0, NULL, NULL, NULL, '2025-08-27 08:03:46', '2025-08-27 08:38:19'),
(315, 62, 10, 0.00, 0.00, 0.00, 0.00, 0, 0, NULL, NULL, NULL, '2025-08-27 08:03:46', '2025-08-27 08:38:19'),
(316, 61, 10, 0.00, 0.00, 0.00, 0.00, 0, 0, NULL, NULL, NULL, '2025-08-27 08:03:46', '2025-08-27 08:38:19'),
(317, 60, 10, 0.00, 0.00, 0.00, 0.00, 0, 0, NULL, NULL, NULL, '2025-08-27 08:03:46', '2025-08-27 08:38:19'),
(318, 59, 10, 0.00, 0.00, 0.00, 0.00, 0, 0, NULL, NULL, NULL, '2025-08-27 08:03:46', '2025-08-27 08:38:19'),
(319, 58, 10, 0.00, 0.00, 0.00, 0.00, 0, 0, NULL, NULL, NULL, '2025-08-27 08:03:46', '2025-08-27 08:38:19'),
(320, 57, 10, 0.00, 0.00, 0.00, 0.00, 0, 0, NULL, NULL, NULL, '2025-08-27 08:03:46', '2025-08-27 08:38:19'),
(321, 56, 10, 0.00, 0.00, 0.00, 0.00, 0, 0, NULL, NULL, NULL, '2025-08-27 08:03:46', '2025-08-27 08:38:19'),
(322, 55, 10, 0.00, 0.00, 0.00, 0.00, 0, 0, NULL, NULL, NULL, '2025-08-27 08:03:46', '2025-08-27 08:38:19'),
(323, 54, 10, 0.00, 0.00, 0.00, 0.00, 0, 0, NULL, NULL, NULL, '2025-08-27 08:03:46', '2025-08-27 08:38:19'),
(324, 53, 10, 0.00, 0.00, 0.00, 0.00, 0, 0, NULL, NULL, NULL, '2025-08-27 08:03:46', '2025-08-27 08:38:19'),
(325, 52, 10, 0.00, 0.00, 0.00, 0.00, 0, 0, NULL, NULL, NULL, '2025-08-27 08:03:46', '2025-08-27 08:38:19'),
(326, 51, 10, 0.00, 0.00, 0.00, 0.00, 0, 0, NULL, NULL, NULL, '2025-08-27 08:03:46', '2025-08-27 08:38:19'),
(327, 50, 10, 0.00, 0.00, 0.00, 0.00, 0, 0, NULL, NULL, NULL, '2025-08-27 08:03:46', '2025-08-27 08:38:19'),
(328, 49, 10, 0.00, 0.00, 0.00, 0.00, 0, 0, NULL, NULL, NULL, '2025-08-27 08:03:46', '2025-08-27 08:38:19'),
(329, 48, 10, 0.00, 0.00, 0.00, 0.00, 0, 0, NULL, NULL, NULL, '2025-08-27 08:03:46', '2025-08-27 08:38:19'),
(330, 47, 10, 0.00, 0.00, 0.00, 0.00, 0, 0, NULL, NULL, NULL, '2025-08-27 08:03:46', '2025-08-27 08:38:19'),
(331, 79, 11, 0.00, 0.00, 0.00, 0.00, 0, 0, NULL, NULL, NULL, '2025-08-27 08:03:46', '2025-08-27 08:38:19'),
(332, 78, 11, 0.00, 0.00, 0.00, 0.00, 0, 0, NULL, NULL, NULL, '2025-08-27 08:03:46', '2025-08-27 08:38:19'),
(333, 77, 11, 0.00, 0.00, 0.00, 0.00, 0, 0, NULL, NULL, NULL, '2025-08-27 08:03:46', '2025-08-27 08:38:19'),
(334, 76, 11, 0.00, 0.00, 0.00, 0.00, 0, 0, NULL, NULL, NULL, '2025-08-27 08:03:46', '2025-08-27 08:38:19'),
(335, 75, 11, 0.00, 0.00, 0.00, 0.00, 0, 0, NULL, NULL, NULL, '2025-08-27 08:03:46', '2025-08-27 08:38:19'),
(336, 74, 11, 0.00, 0.00, 0.00, 0.00, 0, 0, NULL, NULL, NULL, '2025-08-27 08:03:46', '2025-08-27 08:38:19'),
(337, 73, 11, 0.00, 0.00, 0.00, 0.00, 0, 0, NULL, NULL, NULL, '2025-08-27 08:03:46', '2025-08-27 08:38:19'),
(338, 72, 11, 0.00, 0.00, 0.00, 0.00, 0, 0, NULL, NULL, NULL, '2025-08-27 08:03:46', '2025-08-27 08:38:19'),
(339, 71, 11, 0.00, 0.00, 0.00, 0.00, 0, 0, NULL, NULL, NULL, '2025-08-27 08:03:46', '2025-08-27 08:38:19'),
(340, 70, 11, 0.00, 0.00, 0.00, 0.00, 0, 0, NULL, NULL, NULL, '2025-08-27 08:03:46', '2025-08-27 08:38:19'),
(341, 69, 11, 0.00, 0.00, 0.00, 0.00, 0, 0, NULL, NULL, NULL, '2025-08-27 08:03:46', '2025-08-27 08:38:19'),
(342, 68, 11, 0.00, 0.00, 0.00, 0.00, 0, 0, NULL, NULL, NULL, '2025-08-27 08:03:46', '2025-08-27 08:38:19'),
(343, 67, 11, 0.00, 0.00, 0.00, 0.00, 0, 0, NULL, NULL, NULL, '2025-08-27 08:03:46', '2025-08-27 08:38:19'),
(344, 66, 11, 0.00, 0.00, 0.00, 0.00, 0, 0, NULL, NULL, NULL, '2025-08-27 08:03:46', '2025-08-27 08:38:19'),
(345, 65, 11, 0.00, 0.00, 0.00, 0.00, 0, 0, NULL, NULL, NULL, '2025-08-27 08:03:46', '2025-08-27 08:38:19'),
(346, 64, 11, 0.00, 0.00, 0.00, 0.00, 0, 0, NULL, NULL, NULL, '2025-08-27 08:03:46', '2025-08-27 08:38:19'),
(347, 63, 11, 0.00, 0.00, 0.00, 0.00, 0, 0, NULL, NULL, NULL, '2025-08-27 08:03:46', '2025-08-27 08:38:19'),
(348, 62, 11, 0.00, 0.00, 0.00, 0.00, 0, 0, NULL, NULL, NULL, '2025-08-27 08:03:46', '2025-08-27 08:38:19'),
(349, 61, 11, 0.00, 0.00, 0.00, 0.00, 0, 0, NULL, NULL, NULL, '2025-08-27 08:03:46', '2025-08-27 08:38:19'),
(350, 60, 11, 0.00, 0.00, 0.00, 0.00, 0, 0, NULL, NULL, NULL, '2025-08-27 08:03:46', '2025-08-27 08:38:19'),
(351, 59, 11, 0.00, 0.00, 0.00, 0.00, 0, 0, NULL, NULL, NULL, '2025-08-27 08:03:46', '2025-08-27 08:38:19'),
(352, 58, 11, 0.00, 0.00, 0.00, 0.00, 0, 0, NULL, NULL, NULL, '2025-08-27 08:03:46', '2025-08-27 08:38:19'),
(353, 57, 11, 0.00, 0.00, 0.00, 0.00, 0, 0, NULL, NULL, NULL, '2025-08-27 08:03:46', '2025-08-27 08:38:19'),
(354, 56, 11, 0.00, 0.00, 0.00, 0.00, 0, 0, NULL, NULL, NULL, '2025-08-27 08:03:46', '2025-08-27 08:38:19'),
(355, 55, 11, 0.00, 0.00, 0.00, 0.00, 0, 0, NULL, NULL, NULL, '2025-08-27 08:03:46', '2025-08-27 08:38:19'),
(356, 54, 11, 0.00, 0.00, 0.00, 0.00, 0, 0, NULL, NULL, NULL, '2025-08-27 08:03:46', '2025-08-27 08:38:19'),
(357, 53, 11, 0.00, 0.00, 0.00, 0.00, 0, 0, NULL, NULL, NULL, '2025-08-27 08:03:46', '2025-08-27 08:38:19'),
(358, 52, 11, 0.00, 0.00, 0.00, 0.00, 0, 0, NULL, NULL, NULL, '2025-08-27 08:03:46', '2025-08-27 08:38:19'),
(359, 51, 11, 0.00, 0.00, 0.00, 0.00, 0, 0, NULL, NULL, NULL, '2025-08-27 08:03:46', '2025-08-27 08:38:19'),
(360, 50, 11, 0.00, 0.00, 0.00, 0.00, 0, 0, NULL, NULL, NULL, '2025-08-27 08:03:46', '2025-08-27 08:38:19'),
(361, 49, 11, 0.00, 0.00, 0.00, 0.00, 0, 0, NULL, NULL, NULL, '2025-08-27 08:03:46', '2025-08-27 08:38:19'),
(362, 48, 11, 0.00, 0.00, 0.00, 0.00, 0, 0, NULL, NULL, NULL, '2025-08-27 08:03:46', '2025-08-27 08:38:19'),
(363, 47, 11, 0.00, 0.00, 0.00, 0.00, 0, 0, NULL, NULL, NULL, '2025-08-27 08:03:46', '2025-08-27 08:38:19'),
(364, 79, 12, 0.00, 0.00, 0.00, 0.00, 0, 0, NULL, NULL, NULL, '2025-08-27 08:03:46', '2025-08-27 08:38:19'),
(365, 78, 12, 0.00, 0.00, 0.00, 0.00, 0, 0, NULL, NULL, NULL, '2025-08-27 08:03:46', '2025-08-27 08:38:19'),
(366, 77, 12, 0.00, 0.00, 0.00, 0.00, 0, 0, NULL, NULL, NULL, '2025-08-27 08:03:46', '2025-08-27 08:38:19'),
(367, 76, 12, 0.00, 0.00, 0.00, 0.00, 0, 0, NULL, NULL, NULL, '2025-08-27 08:03:46', '2025-08-27 08:38:19'),
(368, 75, 12, 0.00, 0.00, 0.00, 0.00, 0, 0, NULL, NULL, NULL, '2025-08-27 08:03:46', '2025-08-27 08:38:19'),
(369, 74, 12, 0.00, 0.00, 0.00, 0.00, 0, 0, NULL, NULL, NULL, '2025-08-27 08:03:46', '2025-08-27 08:38:19'),
(370, 73, 12, 0.00, 0.00, 0.00, 0.00, 0, 0, NULL, NULL, NULL, '2025-08-27 08:03:46', '2025-08-27 08:38:19'),
(371, 72, 12, 0.00, 0.00, 0.00, 0.00, 0, 0, NULL, NULL, NULL, '2025-08-27 08:03:46', '2025-08-27 08:38:19'),
(372, 71, 12, 0.00, 0.00, 0.00, 0.00, 0, 0, NULL, NULL, NULL, '2025-08-27 08:03:46', '2025-08-27 08:38:19'),
(373, 70, 12, 0.00, 0.00, 0.00, 0.00, 0, 0, NULL, NULL, NULL, '2025-08-27 08:03:46', '2025-08-27 08:38:19'),
(374, 69, 12, 0.00, 0.00, 0.00, 0.00, 0, 0, NULL, NULL, NULL, '2025-08-27 08:03:46', '2025-08-27 08:38:19'),
(375, 68, 12, 0.00, 0.00, 0.00, 0.00, 0, 0, NULL, NULL, NULL, '2025-08-27 08:03:46', '2025-08-27 08:38:19'),
(376, 67, 12, 0.00, 0.00, 0.00, 0.00, 0, 0, NULL, NULL, NULL, '2025-08-27 08:03:46', '2025-08-27 08:38:19'),
(377, 66, 12, 0.00, 0.00, 0.00, 0.00, 0, 0, NULL, NULL, NULL, '2025-08-27 08:03:46', '2025-08-27 08:38:19'),
(378, 65, 12, 0.00, 0.00, 0.00, 0.00, 0, 0, NULL, NULL, NULL, '2025-08-27 08:03:46', '2025-08-27 08:38:19'),
(379, 64, 12, 0.00, 0.00, 0.00, 0.00, 0, 0, NULL, NULL, NULL, '2025-08-27 08:03:46', '2025-08-27 08:38:19'),
(380, 63, 12, 0.00, 0.00, 0.00, 0.00, 0, 0, NULL, NULL, NULL, '2025-08-27 08:03:46', '2025-08-27 08:38:19'),
(381, 62, 12, 0.00, 0.00, 0.00, 0.00, 0, 0, NULL, NULL, NULL, '2025-08-27 08:03:46', '2025-08-27 08:38:19'),
(382, 61, 12, 0.00, 0.00, 0.00, 0.00, 0, 0, NULL, NULL, NULL, '2025-08-27 08:03:46', '2025-08-27 08:38:19'),
(383, 60, 12, 0.00, 0.00, 0.00, 0.00, 0, 0, NULL, NULL, NULL, '2025-08-27 08:03:46', '2025-08-27 08:38:19'),
(384, 59, 12, 0.00, 0.00, 0.00, 0.00, 0, 0, NULL, NULL, NULL, '2025-08-27 08:03:46', '2025-08-27 08:38:19'),
(385, 58, 12, 0.00, 0.00, 0.00, 0.00, 0, 0, NULL, NULL, NULL, '2025-08-27 08:03:46', '2025-08-27 08:38:19'),
(386, 57, 12, 0.00, 0.00, 0.00, 0.00, 0, 0, NULL, NULL, NULL, '2025-08-27 08:03:46', '2025-08-27 08:38:19'),
(387, 56, 12, 0.00, 0.00, 0.00, 0.00, 0, 0, NULL, NULL, NULL, '2025-08-27 08:03:46', '2025-08-27 08:38:19'),
(388, 55, 12, 0.00, 0.00, 0.00, 0.00, 0, 0, NULL, NULL, NULL, '2025-08-27 08:03:46', '2025-08-27 08:38:19'),
(389, 54, 12, 0.00, 0.00, 0.00, 0.00, 0, 0, NULL, NULL, NULL, '2025-08-27 08:03:46', '2025-08-27 08:38:19'),
(390, 53, 12, 0.00, 0.00, 0.00, 0.00, 0, 0, NULL, NULL, NULL, '2025-08-27 08:03:46', '2025-08-27 08:38:19'),
(391, 52, 12, 0.00, 0.00, 0.00, 0.00, 0, 0, NULL, NULL, NULL, '2025-08-27 08:03:46', '2025-08-27 08:38:19'),
(392, 51, 12, 0.00, 0.00, 0.00, 0.00, 0, 0, NULL, NULL, NULL, '2025-08-27 08:03:46', '2025-08-27 08:38:19'),
(393, 50, 12, 0.00, 0.00, 0.00, 0.00, 0, 0, NULL, NULL, NULL, '2025-08-27 08:03:46', '2025-08-27 08:38:19'),
(394, 49, 12, 0.00, 0.00, 0.00, 0.00, 0, 0, NULL, NULL, NULL, '2025-08-27 08:03:46', '2025-08-27 08:38:19'),
(395, 48, 12, 0.00, 0.00, 0.00, 0.00, 0, 0, NULL, NULL, NULL, '2025-08-27 08:03:46', '2025-08-27 08:38:19'),
(396, 47, 12, 0.00, 0.00, 0.00, 0.00, 0, 0, NULL, NULL, NULL, '2025-08-27 08:03:46', '2025-08-27 08:38:19');

-- Table: ba_payments
DELETE FROM `ba_payments` WHERE 1=1;

-- Inserting 6 rows into ba_payments
INSERT INTO `ba_payments` (`id`, `student_id`, `amount`, `payment_method`, `payment_date`, `description`, `reference_number`, `receipt_path`, `status`, `approved_by`, `approved_at`, `rejected_by`, `rejected_at`, `rejection_reason`, `boarding_house_id`, `created_by`, `created_at`, `updated_at`) VALUES
(5, 17, 200.00, 'cash', '2025-10-11 22:00:00', 'Payment from Alicia Matamuko', '4639NHI66', NULL, 'pending', NULL, NULL, NULL, NULL, NULL, 4, 2, '2025-10-12 14:24:24', '2025-10-12 14:24:24'),
(9, 38, 200.00, 'cash', '2025-10-11 22:00:00', 'Payment from Anita Gavajena', 'eeee44r4f', NULL, 'pending', NULL, NULL, NULL, NULL, NULL, 5, 2, '2025-10-12 14:56:53', '2025-10-12 14:56:53'),
(10, 38, 100.00, 'cash', '2025-10-11 22:00:00', 'Payment from Anita Gavajena', '4639NHI222ww', NULL, 'pending', NULL, NULL, NULL, NULL, NULL, 5, 2, '2025-10-12 15:17:58', '2025-10-12 15:17:58'),
(11, 38, 100.00, 'cash', '2025-10-11 22:00:00', 'Payment from Anita Gavajena', '4639NHI', NULL, 'pending', NULL, NULL, NULL, NULL, NULL, 5, 2, '2025-10-12 15:22:50', '2025-10-12 15:22:50'),
(12, 38, 300.00, 'cash', '2025-10-11 22:00:00', 'Payment from Anita Gavajena', '4639NHI222e', NULL, 'pending', NULL, NULL, NULL, NULL, NULL, 5, 2, '2025-10-12 15:27:14', '2025-10-12 15:27:14'),
(13, 17, 200.00, 'cash', '2025-10-21 22:00:00', 'Payment from Alicia Matamuko', '4639NHI', NULL, 'pending', NULL, NULL, NULL, NULL, NULL, 4, 2, '2025-10-22 09:35:13', '2025-10-22 09:35:13');

-- Table: balance_periods
DELETE FROM `balance_periods` WHERE 1=1;

-- Inserting 12 rows into balance_periods
INSERT INTO `balance_periods` (`id`, `period_name`, `period_start_date`, `period_end_date`, `is_closed`, `closed_at`, `closed_by`, `created_at`, `updated_at`) VALUES
(1, 'January 2025', '2024-12-31 22:00:00', '2025-01-30 22:00:00', 0, NULL, NULL, '2025-08-27 08:03:46', '2025-08-27 08:03:46'),
(2, 'February 2025', '2025-01-31 22:00:00', '2025-02-27 22:00:00', 0, NULL, NULL, '2025-08-27 08:03:46', '2025-08-27 08:03:46'),
(3, 'March 2025', '2025-02-28 22:00:00', '2025-03-30 22:00:00', 0, NULL, NULL, '2025-08-27 08:03:46', '2025-08-27 08:03:46'),
(4, 'April 2025', '2025-03-31 22:00:00', '2025-04-29 22:00:00', 0, NULL, NULL, '2025-08-27 08:03:46', '2025-08-27 08:03:46'),
(5, 'May 2025', '2025-04-30 22:00:00', '2025-05-30 22:00:00', 1, '2025-08-27 08:38:56', 1, '2025-08-27 08:03:46', '2025-08-27 08:38:56'),
(6, 'June 2025', '2025-05-31 22:00:00', '2025-06-29 22:00:00', 0, NULL, NULL, '2025-08-27 08:03:46', '2025-08-27 08:03:46'),
(7, 'July 2025', '2025-06-30 22:00:00', '2025-07-30 22:00:00', 0, NULL, NULL, '2025-08-27 08:03:46', '2025-08-27 08:03:46'),
(8, 'August 2025', '2025-07-31 22:00:00', '2025-08-30 22:00:00', 0, NULL, NULL, '2025-08-27 08:03:46', '2025-08-27 08:03:46'),
(9, 'September 2025', '2025-08-31 22:00:00', '2025-09-29 22:00:00', 0, NULL, NULL, '2025-08-27 08:03:46', '2025-08-27 08:03:46'),
(10, 'October 2025', '2025-09-30 22:00:00', '2025-10-30 22:00:00', 0, NULL, NULL, '2025-08-27 08:03:46', '2025-08-27 08:03:46'),
(11, 'November 2025', '2025-10-31 22:00:00', '2025-11-29 22:00:00', 0, NULL, NULL, '2025-08-27 08:03:46', '2025-08-27 08:03:46'),
(12, 'December 2025', '2025-11-30 22:00:00', '2025-12-30 22:00:00', 0, NULL, NULL, '2025-08-27 08:03:46', '2025-08-27 08:03:46');

-- Table: balance_verifications
DELETE FROM `balance_verifications` WHERE 1=1;

-- Inserting 3 rows into balance_verifications
INSERT INTO `balance_verifications` (`id`, `account_period_balance_id`, `verified_by`, `verification_date`, `previous_balance`, `new_balance`, `adjustment_amount`, `adjustment_reason`, `verification_notes`, `created_at`) VALUES
(1, 396, 1, '2025-08-26 22:00:00', 0.00, 0.00, 0.00, 'Manual adjustment', 'Balance brought down updated', '2025-08-27 08:27:39'),
(2, 256, 1, '2025-08-26 22:00:00', 0.00, 0.00, 0.00, 'Manual adjustment', 'Balance brought down updated', '2025-08-27 10:00:49'),
(3, 295, 1, '2025-08-31 22:00:00', 0.00, 0.00, 0.00, 'Manual adjustment', 'Balance brought down updated', '2025-09-01 20:54:45');

-- Table: beds
DELETE FROM `beds` WHERE 1=1;

-- Inserting 161 rows into beds
INSERT INTO `beds` (`id`, `room_id`, `bed_number`, `price`, `status`, `student_id`, `enrollment_id`, `notes`, `bed_image`, `created_at`, `updated_at`, `deleted_at`) VALUES
(1, 5, 'Room A-B1', 110.00, 'available', NULL, NULL, NULL, NULL, '2025-09-30 08:59:02', '2025-10-08 08:05:24', NULL),
(2, 6, 'Room B-B1', 110.00, 'available', NULL, NULL, NULL, NULL, '2025-09-30 08:59:02', '2025-10-08 08:05:24', NULL),
(3, 6, 'Room B-B2', 110.00, 'occupied', 51, 52, NULL, NULL, '2025-09-30 08:59:02', '2025-10-08 13:25:47', NULL),
(4, 7, 'Room C-B1', 110.00, 'available', NULL, NULL, NULL, NULL, '2025-09-30 08:59:02', '2025-10-08 08:05:24', NULL),
(5, 7, 'Room C-B2', 110.00, 'occupied', 44, 45, NULL, NULL, '2025-09-30 08:59:02', '2025-10-08 08:16:08', NULL),
(6, 7, 'Room C-B3', 110.00, 'available', NULL, NULL, NULL, NULL, '2025-09-30 08:59:02', '2025-10-08 08:05:24', NULL),
(7, 8, 'M5-B1', 180.00, 'available', NULL, NULL, NULL, NULL, '2025-09-30 08:59:02', '2025-10-08 08:05:24', NULL),
(8, 8, 'M5-B2', 180.00, 'available', NULL, NULL, NULL, NULL, '2025-09-30 08:59:02', '2025-10-08 08:05:24', NULL),
(9, 8, 'M5-B3', 180.00, 'available', NULL, NULL, NULL, NULL, '2025-09-30 08:59:02', '2025-10-08 08:05:24', NULL),
(10, 9, 'BUS2-B1', 160.00, 'available', NULL, NULL, NULL, NULL, '2025-09-30 08:59:02', '2025-10-08 08:05:24', NULL),
(11, 9, 'BUS2-B2', 160.00, 'occupied', 53, 54, NULL, NULL, '2025-09-30 08:59:02', '2025-10-08 15:39:37', NULL),
(12, 9, 'BUS2-B3', 160.00, 'available', NULL, NULL, NULL, NULL, '2025-09-30 08:59:02', '2025-10-08 08:05:24', NULL),
(13, 9, 'BUS2-B4', 160.00, 'occupied', 47, 48, NULL, NULL, '2025-09-30 08:59:02', '2025-10-08 09:26:49', NULL),
(14, 9, 'BUS2-B5', 160.00, 'occupied', 46, 47, NULL, NULL, '2025-09-30 08:59:02', '2025-10-08 09:16:41', NULL),
(15, 10, 'BUS1-B1', 160.00, 'occupied', 56, 57, NULL, 'bed-1761166699738-431388689.png', '2025-09-30 08:59:02', '2025-10-22 20:58:19', NULL),
(16, 10, 'BUS1-B2', 160.00, 'occupied', 55, 56, NULL, NULL, '2025-09-30 08:59:02', '2025-10-08 15:47:06', NULL),
(17, 10, 'BUS1-B3', 160.00, 'occupied', 57, 58, NULL, NULL, '2025-09-30 08:59:02', '2025-10-09 11:32:28', NULL),
(18, 10, 'BUS1-B4', 160.00, 'occupied', 45, 46, NULL, NULL, '2025-09-30 08:59:02', '2025-10-08 09:11:44', NULL),
(19, 10, 'BUS1-B5', 160.00, 'available', NULL, NULL, NULL, NULL, '2025-09-30 08:59:02', '2025-10-08 08:05:24', NULL),
(20, 10, 'BUS1-B6', 160.00, 'available', NULL, NULL, NULL, NULL, '2025-09-30 08:59:02', '2025-10-08 08:05:24', NULL),
(21, 11, 'M4-B1', 180.00, 'available', NULL, NULL, NULL, NULL, '2025-09-30 08:59:02', '2025-10-08 08:05:24', NULL),
(22, 11, 'M4-B2', 180.00, 'available', NULL, NULL, NULL, NULL, '2025-09-30 08:59:02', '2025-10-08 08:05:24', NULL),
(23, 11, 'M4-B3', 180.00, 'available', NULL, NULL, NULL, NULL, '2025-09-30 08:59:02', '2025-10-08 08:05:24', NULL),
(24, 12, 'M3-B1', 180.00, 'available', NULL, NULL, NULL, NULL, '2025-09-30 08:59:02', '2025-10-08 08:05:24', NULL),
(25, 12, 'M3-B2', 180.00, 'available', NULL, NULL, NULL, NULL, '2025-09-30 08:59:02', '2025-10-08 08:05:24', NULL),
(26, 12, 'M3-B3', 180.00, 'available', NULL, NULL, NULL, NULL, '2025-09-30 08:59:02', '2025-10-08 08:05:24', NULL),
(27, 13, 'Upstairs 2-B1', 150.00, 'available', NULL, NULL, NULL, NULL, '2025-09-30 08:59:02', '2025-10-08 08:05:24', NULL),
(28, 13, 'Upstairs 2-B2', 150.00, 'available', NULL, NULL, NULL, NULL, '2025-09-30 08:59:02', '2025-10-08 08:05:24', NULL),
(29, 14, 'M6-B1', 180.00, 'available', NULL, NULL, NULL, NULL, '2025-09-30 08:59:02', '2025-10-08 08:05:24', NULL),
(30, 14, 'M6-B2', 180.00, 'available', NULL, NULL, NULL, NULL, '2025-09-30 08:59:02', '2025-10-08 08:05:24', NULL),
(31, 14, 'M6-B3', 180.00, 'available', NULL, NULL, NULL, NULL, '2025-09-30 08:59:02', '2025-10-08 08:05:24', NULL),
(32, 15, 'EXT2-B1', 160.00, 'available', NULL, NULL, NULL, NULL, '2025-09-30 08:59:02', '2025-10-08 08:05:24', NULL),
(33, 15, 'EXT2-B2', 160.00, 'available', NULL, NULL, NULL, NULL, '2025-09-30 08:59:02', '2025-10-08 08:05:24', NULL),
(34, 15, 'EXT2-B3', 160.00, 'available', NULL, NULL, NULL, NULL, '2025-09-30 08:59:02', '2025-10-08 08:05:24', NULL),
(35, 15, 'EXT2-B4', 160.00, 'available', NULL, NULL, NULL, NULL, '2025-09-30 08:59:02', '2025-10-08 08:05:24', NULL),
(36, 15, 'EXT2-B5', 160.00, 'available', NULL, NULL, NULL, NULL, '2025-09-30 08:59:02', '2025-10-08 08:05:24', NULL),
(37, 16, 'EXT1-B1', 160.00, 'available', NULL, NULL, NULL, NULL, '2025-09-30 08:59:02', '2025-10-08 08:05:24', NULL),
(38, 16, 'EXT1-B2', 160.00, 'available', NULL, NULL, NULL, NULL, '2025-09-30 08:59:02', '2025-10-08 08:05:24', NULL),
(39, 16, 'EXT1-B3', 160.00, 'available', NULL, NULL, NULL, NULL, '2025-09-30 08:59:02', '2025-10-08 08:05:24', NULL),
(40, 16, 'EXT1-B4', 160.00, 'available', NULL, NULL, NULL, NULL, '2025-09-30 08:59:02', '2025-10-08 08:05:24', NULL),
(41, 16, 'EXT1-B5', 160.00, 'available', NULL, NULL, NULL, NULL, '2025-09-30 08:59:02', '2025-10-08 08:05:24', NULL),
(42, 16, 'EXT1-B6', 160.00, 'available', NULL, NULL, NULL, NULL, '2025-09-30 08:59:02', '2025-10-08 08:05:24', NULL),
(43, 17, 'M7-B1', 180.00, 'available', NULL, NULL, NULL, NULL, '2025-09-30 08:59:02', '2025-10-08 08:05:24', NULL),
(44, 17, 'M7-B2', 180.00, 'available', NULL, NULL, NULL, NULL, '2025-09-30 08:59:02', '2025-10-08 08:05:24', NULL),
(45, 17, 'M7-B3', 180.00, 'available', NULL, NULL, NULL, NULL, '2025-09-30 08:59:02', '2025-10-08 08:05:24', NULL),
(46, 18, 'C1-B1', 190.00, 'available', NULL, NULL, NULL, NULL, '2025-09-30 08:59:02', '2025-10-08 08:05:24', NULL),
(47, 18, 'C1-B2', 190.00, 'occupied', 52, 53, NULL, NULL, '2025-09-30 08:59:02', '2025-10-08 14:55:41', NULL),
(48, 19, 'M2-B1', 170.00, 'available', NULL, NULL, NULL, NULL, '2025-09-30 08:59:02', '2025-10-08 08:05:24', NULL),
(49, 19, 'M2-B2', 170.00, 'available', NULL, NULL, NULL, NULL, '2025-09-30 08:59:02', '2025-10-08 08:05:24', NULL),
(50, 19, 'M2-B3', 170.00, 'available', NULL, NULL, NULL, NULL, '2025-09-30 08:59:02', '2025-10-08 08:05:24', NULL),
(51, 19, 'M2-B4', 170.00, 'available', NULL, NULL, NULL, NULL, '2025-09-30 08:59:02', '2025-10-08 08:05:24', NULL),
(52, 20, 'M8-B1', 160.00, 'available', NULL, NULL, NULL, NULL, '2025-09-30 08:59:02', '2025-10-08 08:05:24', NULL),
(53, 20, 'M8-B2', 160.00, 'available', NULL, NULL, NULL, NULL, '2025-09-30 08:59:02', '2025-10-08 08:05:24', NULL),
(54, 20, 'M8-B3', 160.00, 'available', NULL, NULL, NULL, NULL, '2025-09-30 08:59:02', '2025-10-08 08:05:24', NULL),
(55, 20, 'M8-B4', 160.00, 'available', NULL, NULL, NULL, NULL, '2025-09-30 08:59:02', '2025-10-08 08:05:24', NULL),
(56, 20, 'M8-B5', 160.00, 'available', NULL, NULL, NULL, NULL, '2025-09-30 08:59:02', '2025-10-08 08:05:24', NULL),
(57, 20, 'M8-B6', 160.00, 'available', NULL, NULL, NULL, NULL, '2025-09-30 08:59:02', '2025-10-08 08:05:24', NULL),
(58, 21, 'C2-B1', 190.00, 'available', NULL, NULL, NULL, NULL, '2025-09-30 08:59:02', '2025-10-08 08:05:24', NULL),
(59, 21, 'C2-B2', 190.00, 'available', NULL, NULL, NULL, NULL, '2025-09-30 08:59:02', '2025-10-08 08:05:24', NULL),
(60, 22, 'Executive-B1', 220.00, 'available', NULL, NULL, NULL, NULL, '2025-09-30 08:59:02', '2025-10-08 08:05:24', NULL),
(61, 23, 'M1-B1', 180.00, 'available', NULL, NULL, NULL, NULL, '2025-09-30 08:59:02', '2025-10-08 08:05:24', NULL),
(62, 23, 'M1-B2', 180.00, 'available', NULL, NULL, NULL, NULL, '2025-09-30 08:59:02', '2025-10-08 08:05:24', NULL),
(63, 23, 'M1-B3', 180.00, 'available', NULL, NULL, NULL, NULL, '2025-09-30 08:59:02', '2025-10-08 08:05:24', NULL),
(64, 24, 'Upstairs 1-B1', 120.00, 'available', NULL, NULL, NULL, NULL, '2025-09-30 08:59:02', '2025-10-08 08:05:24', NULL),
(65, 25, 'Room Example-B1', 150.00, 'available', NULL, NULL, NULL, NULL, '2025-09-30 08:59:02', '2025-09-30 10:08:42', '2025-09-30 10:08:42'),
(66, 26, 'M5-B1', 180.00, 'available', NULL, NULL, NULL, NULL, '2025-09-30 08:59:02', '2025-09-30 08:59:02', NULL),
(67, 26, 'M5-B2', 180.00, 'available', NULL, NULL, NULL, NULL, '2025-09-30 08:59:02', '2025-09-30 08:59:02', NULL),
(68, 26, 'M5-B3', 180.00, 'available', NULL, NULL, NULL, NULL, '2025-09-30 08:59:02', '2025-09-30 08:59:02', NULL),
(69, 27, 'BUS2-B1', 160.00, 'available', NULL, NULL, NULL, NULL, '2025-09-30 08:59:02', '2025-09-30 08:59:02', NULL),
(70, 27, 'BUS2-B2', 160.00, 'available', NULL, NULL, NULL, NULL, '2025-09-30 08:59:02', '2025-09-30 08:59:02', NULL),
(71, 27, 'BUS2-B3', 160.00, 'available', NULL, NULL, NULL, NULL, '2025-09-30 08:59:02', '2025-09-30 08:59:02', NULL),
(72, 27, 'BUS2-B4', 160.00, 'available', NULL, NULL, NULL, NULL, '2025-09-30 08:59:02', '2025-09-30 08:59:02', NULL),
(73, 27, 'BUS2-B5', 160.00, 'available', NULL, NULL, NULL, NULL, '2025-09-30 08:59:02', '2025-09-30 08:59:02', NULL),
(74, 28, 'BUS1-B1', 160.00, 'available', NULL, NULL, NULL, NULL, '2025-09-30 08:59:02', '2025-09-30 08:59:02', NULL),
(75, 28, 'BUS1-B2', 160.00, 'available', NULL, NULL, NULL, NULL, '2025-09-30 08:59:02', '2025-09-30 08:59:02', NULL),
(76, 28, 'BUS1-B3', 160.00, 'available', NULL, NULL, NULL, NULL, '2025-09-30 08:59:02', '2025-09-30 08:59:02', NULL),
(77, 28, 'BUS1-B4', 160.00, 'available', NULL, NULL, NULL, NULL, '2025-09-30 08:59:02', '2025-09-30 08:59:02', NULL),
(78, 28, 'BUS1-B5', 160.00, 'available', NULL, NULL, NULL, NULL, '2025-09-30 08:59:02', '2025-09-30 08:59:02', NULL),
(79, 28, 'BUS1-B6', 160.00, 'available', NULL, NULL, NULL, NULL, '2025-09-30 08:59:02', '2025-09-30 08:59:02', NULL),
(80, 29, 'M4-B1', 180.00, 'available', NULL, NULL, NULL, NULL, '2025-09-30 08:59:02', '2025-09-30 08:59:02', NULL),
(81, 29, 'M4-B2', 180.00, 'available', NULL, NULL, NULL, NULL, '2025-09-30 08:59:02', '2025-09-30 08:59:02', NULL),
(82, 29, 'M4-B3', 180.00, 'available', NULL, NULL, NULL, NULL, '2025-09-30 08:59:02', '2025-09-30 08:59:02', NULL),
(83, 30, 'M3-B1', 180.00, 'available', NULL, NULL, NULL, NULL, '2025-09-30 08:59:02', '2025-09-30 08:59:02', NULL),
(84, 30, 'M3-B2', 180.00, 'available', NULL, NULL, NULL, NULL, '2025-09-30 08:59:02', '2025-09-30 08:59:02', NULL),
(85, 30, 'M3-B3', 180.00, 'available', NULL, NULL, NULL, NULL, '2025-09-30 08:59:02', '2025-09-30 08:59:02', NULL),
(86, 31, 'Upstairs 2-B1', 150.00, 'available', NULL, NULL, NULL, NULL, '2025-09-30 08:59:02', '2025-09-30 08:59:02', NULL),
(87, 31, 'Upstairs 2-B2', 150.00, 'available', NULL, NULL, NULL, NULL, '2025-09-30 08:59:02', '2025-09-30 08:59:02', NULL),
(88, 32, 'M6-B1', 180.00, 'available', NULL, NULL, NULL, NULL, '2025-09-30 08:59:02', '2025-09-30 08:59:02', NULL),
(89, 32, 'M6-B2', 180.00, 'available', NULL, NULL, NULL, NULL, '2025-09-30 08:59:02', '2025-09-30 08:59:02', NULL),
(90, 32, 'M6-B3', 180.00, 'available', NULL, NULL, NULL, NULL, '2025-09-30 08:59:02', '2025-09-30 08:59:02', NULL),
(91, 33, 'EXT2-B1', 160.00, 'available', NULL, NULL, NULL, NULL, '2025-09-30 08:59:02', '2025-09-30 08:59:02', NULL),
(92, 33, 'EXT2-B2', 160.00, 'available', NULL, NULL, NULL, NULL, '2025-09-30 08:59:02', '2025-09-30 08:59:02', NULL),
(93, 33, 'EXT2-B3', 160.00, 'available', NULL, NULL, NULL, NULL, '2025-09-30 08:59:02', '2025-09-30 08:59:02', NULL),
(94, 33, 'EXT2-B4', 160.00, 'available', NULL, NULL, NULL, NULL, '2025-09-30 08:59:02', '2025-09-30 08:59:02', NULL),
(95, 33, 'EXT2-B5', 160.00, 'available', NULL, NULL, NULL, NULL, '2025-09-30 08:59:02', '2025-09-30 08:59:02', NULL),
(96, 34, 'EXT1-B1', 160.00, 'available', NULL, NULL, NULL, NULL, '2025-09-30 08:59:02', '2025-09-30 08:59:02', NULL),
(97, 34, 'EXT1-B2', 160.00, 'available', NULL, NULL, NULL, NULL, '2025-09-30 08:59:02', '2025-09-30 08:59:02', NULL),
(98, 34, 'EXT1-B3', 160.00, 'available', NULL, NULL, NULL, NULL, '2025-09-30 08:59:02', '2025-09-30 08:59:02', NULL),
(99, 34, 'EXT1-B4', 160.00, 'available', NULL, NULL, NULL, NULL, '2025-09-30 08:59:02', '2025-09-30 08:59:02', NULL),
(100, 34, 'EXT1-B5', 160.00, 'available', NULL, NULL, NULL, NULL, '2025-09-30 08:59:02', '2025-09-30 08:59:02', NULL);

INSERT INTO `beds` (`id`, `room_id`, `bed_number`, `price`, `status`, `student_id`, `enrollment_id`, `notes`, `bed_image`, `created_at`, `updated_at`, `deleted_at`) VALUES
(101, 34, 'EXT1-B6', 160.00, 'available', NULL, NULL, NULL, NULL, '2025-09-30 08:59:02', '2025-09-30 08:59:02', NULL),
(102, 35, 'M7-B1', 180.00, 'available', NULL, NULL, NULL, NULL, '2025-09-30 08:59:02', '2025-09-30 08:59:02', NULL),
(103, 35, 'M7-B2', 180.00, 'available', NULL, NULL, NULL, NULL, '2025-09-30 08:59:02', '2025-09-30 08:59:02', NULL),
(104, 35, 'M7-B3', 180.00, 'available', NULL, NULL, NULL, NULL, '2025-09-30 08:59:02', '2025-09-30 08:59:02', NULL),
(105, 36, 'C1-B1', 190.00, 'available', NULL, NULL, NULL, NULL, '2025-09-30 08:59:02', '2025-09-30 08:59:02', NULL),
(106, 36, 'C1-B2', 190.00, 'available', NULL, NULL, NULL, NULL, '2025-09-30 08:59:02', '2025-09-30 08:59:02', NULL),
(107, 37, 'M2-B1', 170.00, 'available', NULL, NULL, NULL, NULL, '2025-09-30 08:59:02', '2025-09-30 08:59:02', NULL),
(108, 37, 'M2-B2', 170.00, 'available', NULL, NULL, NULL, NULL, '2025-09-30 08:59:02', '2025-09-30 08:59:02', NULL),
(109, 37, 'M2-B3', 170.00, 'available', NULL, NULL, NULL, NULL, '2025-09-30 08:59:02', '2025-09-30 08:59:02', NULL),
(110, 37, 'M2-B4', 170.00, 'available', NULL, NULL, NULL, NULL, '2025-09-30 08:59:02', '2025-09-30 08:59:02', NULL),
(111, 38, 'M8-B1', 160.00, 'available', NULL, NULL, NULL, NULL, '2025-09-30 08:59:02', '2025-09-30 08:59:02', NULL),
(112, 38, 'M8-B2', 160.00, 'available', NULL, NULL, NULL, NULL, '2025-09-30 08:59:02', '2025-09-30 08:59:02', NULL),
(113, 38, 'M8-B3', 160.00, 'available', NULL, NULL, NULL, NULL, '2025-09-30 08:59:02', '2025-09-30 08:59:02', NULL),
(114, 38, 'M8-B4', 160.00, 'available', NULL, NULL, NULL, NULL, '2025-09-30 08:59:02', '2025-09-30 08:59:02', NULL),
(115, 38, 'M8-B5', 160.00, 'available', NULL, NULL, NULL, NULL, '2025-09-30 08:59:02', '2025-09-30 08:59:02', NULL),
(116, 38, 'M8-B6', 160.00, 'available', NULL, NULL, NULL, NULL, '2025-09-30 08:59:02', '2025-09-30 08:59:02', NULL),
(117, 39, 'C2-B1', 190.00, 'available', NULL, NULL, NULL, NULL, '2025-09-30 08:59:02', '2025-09-30 08:59:02', NULL),
(118, 39, 'C2-B2', 190.00, 'available', NULL, NULL, NULL, NULL, '2025-09-30 08:59:02', '2025-09-30 08:59:02', NULL),
(119, 40, 'Executive-B1', 220.00, 'available', NULL, NULL, NULL, NULL, '2025-09-30 08:59:02', '2025-09-30 08:59:02', NULL),
(120, 41, 'M1-B1', 180.00, 'available', NULL, NULL, NULL, NULL, '2025-09-30 08:59:02', '2025-09-30 08:59:02', NULL),
(121, 41, 'M1-B2', 180.00, 'available', NULL, NULL, NULL, NULL, '2025-09-30 08:59:02', '2025-09-30 08:59:02', NULL),
(122, 41, 'M1-B3', 180.00, 'available', NULL, NULL, NULL, NULL, '2025-09-30 08:59:02', '2025-09-30 08:59:02', NULL),
(123, 42, 'Upstairs 1-B1', 120.00, 'available', NULL, NULL, NULL, NULL, '2025-09-30 08:59:02', '2025-09-30 08:59:02', NULL),
(124, 43, 'C1-B1', 150.00, 'available', NULL, NULL, NULL, NULL, '2025-09-30 08:59:02', '2025-10-08 08:05:24', NULL),
(125, 43, 'C1-B2', 150.00, 'available', NULL, NULL, NULL, NULL, '2025-09-30 08:59:02', '2025-10-08 08:05:24', NULL),
(126, 43, 'C1-B3', 150.00, 'available', NULL, NULL, NULL, NULL, '2025-09-30 08:59:02', '2025-10-08 08:05:24', NULL),
(127, 43, 'C1-B4', 150.00, 'available', NULL, NULL, NULL, NULL, '2025-09-30 08:59:02', '2025-10-08 08:05:24', NULL),
(128, 43, 'C1-B5', 150.00, 'available', NULL, NULL, NULL, NULL, '2025-09-30 08:59:02', '2025-10-08 08:05:24', NULL),
(129, 43, 'C1-B6', 150.00, 'occupied', 48, 49, NULL, NULL, '2025-09-30 08:59:02', '2025-10-08 12:26:26', NULL),
(130, 43, 'C1-B7', 150.00, 'occupied', 49, 50, NULL, NULL, '2025-09-30 08:59:02', '2025-10-08 12:50:35', NULL),
(131, 43, 'C1-B8', 150.00, 'available', NULL, NULL, NULL, NULL, '2025-09-30 08:59:02', '2025-10-08 08:05:24', NULL),
(132, 43, 'C1-B9', 150.00, 'available', NULL, NULL, NULL, NULL, '2025-09-30 08:59:02', '2025-10-08 08:05:24', NULL),
(133, 43, 'C1-B10', 150.00, 'available', NULL, NULL, NULL, NULL, '2025-09-30 08:59:02', '2025-10-08 08:05:24', NULL),
(134, 44, 'M1-B1', 110.00, 'available', NULL, NULL, NULL, NULL, '2025-09-30 08:59:02', '2025-10-08 08:05:24', NULL),
(135, 44, 'M1-B2', 110.00, 'available', NULL, NULL, NULL, NULL, '2025-09-30 08:59:02', '2025-10-08 08:05:24', NULL),
(136, 44, 'M1-B3', 110.00, 'available', NULL, NULL, NULL, NULL, '2025-09-30 08:59:02', '2025-10-08 08:05:24', NULL),
(137, 44, 'M1-B4', 110.00, 'available', NULL, NULL, NULL, NULL, '2025-09-30 08:59:02', '2025-10-08 08:05:24', NULL),
(138, 44, 'M1-B5', 110.00, 'available', NULL, NULL, NULL, NULL, '2025-09-30 08:59:02', '2025-10-08 08:05:24', NULL),
(139, 44, 'M1-B6', 110.00, 'available', NULL, NULL, NULL, NULL, '2025-09-30 08:59:02', '2025-10-08 08:05:24', NULL),
(140, 44, 'M1-B7', 110.00, 'available', NULL, NULL, NULL, NULL, '2025-09-30 08:59:02', '2025-10-08 08:05:24', NULL),
(141, 44, 'M1-B8', 110.00, 'available', NULL, NULL, NULL, NULL, '2025-09-30 08:59:02', '2025-10-08 08:05:24', NULL),
(142, 44, 'M1-B9', 110.00, 'available', NULL, NULL, NULL, NULL, '2025-09-30 08:59:02', '2025-10-08 08:05:24', NULL),
(143, 44, 'M1-B10', 110.00, 'available', NULL, NULL, NULL, NULL, '2025-09-30 08:59:02', '2025-10-08 08:05:24', NULL),
(144, 44, 'M1-B11', 110.00, 'available', NULL, NULL, NULL, NULL, '2025-09-30 08:59:02', '2025-10-08 08:05:24', NULL),
(145, 44, 'M1-B12', 110.00, 'available', NULL, NULL, NULL, NULL, '2025-09-30 08:59:02', '2025-10-08 08:05:24', NULL),
(146, 44, 'M1-B13', 110.00, 'available', NULL, NULL, NULL, NULL, '2025-09-30 08:59:02', '2025-10-08 08:05:24', NULL),
(147, 44, 'M1-B14', 110.00, 'available', NULL, NULL, NULL, NULL, '2025-09-30 08:59:02', '2025-10-08 08:05:24', NULL),
(148, 44, 'M1-B15', 110.00, 'available', NULL, NULL, NULL, NULL, '2025-09-30 08:59:02', '2025-10-08 08:05:24', NULL),
(149, 44, 'M1-B16', 110.00, 'available', NULL, NULL, NULL, NULL, '2025-09-30 08:59:02', '2025-10-08 08:05:24', NULL),
(150, 44, 'M1-B17', 110.00, 'available', NULL, NULL, NULL, NULL, '2025-09-30 08:59:02', '2025-10-08 08:05:24', NULL),
(151, 44, 'M1-B18', 110.00, 'available', NULL, NULL, NULL, NULL, '2025-09-30 08:59:02', '2025-10-08 08:05:24', NULL),
(152, 44, 'M1-B19', 110.00, 'available', NULL, NULL, NULL, NULL, '2025-09-30 08:59:02', '2025-10-08 08:05:24', NULL),
(153, 44, 'M1-B20', 110.00, 'available', NULL, NULL, NULL, NULL, '2025-09-30 08:59:02', '2025-10-08 08:05:24', NULL),
(154, 44, 'M1-B21', 110.00, 'available', NULL, NULL, NULL, NULL, '2025-09-30 08:59:02', '2025-10-08 08:05:24', NULL),
(155, 44, 'M1-B22', 110.00, 'available', NULL, NULL, NULL, NULL, '2025-09-30 08:59:02', '2025-10-08 08:05:24', NULL),
(156, 44, 'M1-B23', 110.00, 'available', NULL, NULL, NULL, NULL, '2025-09-30 08:59:02', '2025-10-08 08:05:24', NULL),
(157, 44, 'M1-B24', 110.00, 'available', NULL, NULL, NULL, NULL, '2025-09-30 08:59:02', '2025-10-08 08:05:24', NULL),
(158, 44, 'M1-B25', 110.00, 'available', NULL, NULL, NULL, NULL, '2025-09-30 08:59:02', '2025-10-08 08:05:24', NULL),
(159, 25, '1', 150.00, 'available', NULL, NULL, NULL, 'bed-1761088602416-64800904.png', '2025-10-08 07:59:56', '2025-10-21 23:16:42', NULL),
(160, 9, 'test', 99.00, 'available', NULL, NULL, '100', NULL, '2025-10-21 23:06:44', '2025-10-21 23:06:44', NULL),
(161, 10, '5', 160.00, 'available', NULL, NULL, '', NULL, '2025-10-22 21:06:10', '2025-10-22 21:06:10', NULL);

-- Table: boarding_house_admins
DELETE FROM `boarding_house_admins` WHERE 1=1;

-- Inserting 6 rows into boarding_house_admins
INSERT INTO `boarding_house_admins` (`id`, `boarding_house_id`, `user_id`, `created_at`, `updated_at`, `deleted_at`) VALUES
(4, 4, 2, '2025-08-06 09:51:07', '2025-08-06 09:51:07', NULL),
(5, 5, 2, '2025-08-06 09:51:28', '2025-08-06 09:51:28', NULL),
(6, 6, 2, '2025-08-06 10:55:19', '2025-08-06 10:55:19', NULL),
(7, 7, 2, '2025-08-08 08:31:40', '2025-08-08 08:31:40', NULL),
(8, 5, 5, '2025-10-22 08:26:18', '2025-10-22 08:26:18', NULL),
(9, 6, 5, '2025-10-22 08:51:34', '2025-10-22 08:51:34', NULL);

-- Table: boarding_houses
DELETE FROM `boarding_houses` WHERE 1=1;

-- Inserting 5 rows into boarding_houses
INSERT INTO `boarding_houses` (`id`, `name`, `location`, `created_by`, `created_at`, `updated_at`, `deleted_at`) VALUES
(1, 'test', 'test', 1, NULL, '2025-09-01 19:46:54', NULL),
(4, 'St Kilda', 'Mount Pleasant', 1, '2025-08-06 09:51:07', '2025-08-06 09:51:07', NULL),
(5, 'Belvedere ', 'Belvedere', 1, '2025-08-06 09:51:28', '2025-08-06 09:51:28', NULL),
(6, 'Fifth Avenue', 'Fifth Avenue', 1, '2025-08-06 10:55:19', '2025-08-06 10:55:19', NULL),
(7, 'Amin', 'Capesso', 1, '2025-08-08 08:31:40', '2025-08-08 08:31:40', NULL);

-- Table: budget_categories
DELETE FROM `budget_categories` WHERE 1=1;

-- Inserting 5 rows into budget_categories
INSERT INTO `budget_categories` (`id`, `budget_request_id`, `category_name`, `amount`, `description`, `created_at`) VALUES
(1, 1, 'Office Supplies', 20.00, '', '2025-10-11 21:24:36'),
(2, 1, 'Utilities', 20.00, '', '2025-10-11 21:24:36'),
(3, 1, 'Maintenance', 20.00, '', '2025-10-11 21:24:36'),
(4, 1, 'Marketing', 20.00, '', '2025-10-11 21:24:36'),
(5, 1, 'Other', 30.00, '', '2025-10-11 21:24:36');

-- Table: budget_requests
DELETE FROM `budget_requests` WHERE 1=1;

-- Inserting 1 rows into budget_requests
INSERT INTO `budget_requests` (`id`, `boarding_house_id`, `month`, `year`, `total_amount`, `description`, `status`, `submitted_by`, `submitted_date`, `approved_by`, `approved_date`, `rejected_by`, `rejected_date`, `rejection_reason`, `created_at`, `updated_at`) VALUES
(1, 4, 'September', 2025, 110.00, '', 'approved', 2, '2025-10-11 21:24:36', 1, '2025-10-12 17:04:09', NULL, NULL, NULL, '2025-10-11 21:24:36', '2025-10-12 17:04:09');

-- Table: chart_of_accounts
DELETE FROM `chart_of_accounts` WHERE 1=1;

-- Inserting 36 rows into chart_of_accounts
INSERT INTO `chart_of_accounts` (`id`, `code`, `name`, `type`, `is_category`, `parent_id`, `created_by`, `created_at`, `updated_at`, `deleted_at`) VALUES
(47, '10001', 'Petty Cash', 'Asset', 0, NULL, 1, '2025-08-24 16:16:15', '2025-08-24 16:16:15', NULL),
(48, '10002', 'Cash', 'Asset', 0, NULL, 1, '2025-08-24 16:16:15', '2025-08-24 16:16:15', NULL),
(49, '10003', 'CBZ Bank Account', 'Asset', 0, NULL, 1, '2025-08-24 16:16:15', '2025-08-24 16:16:15', NULL),
(50, '10004', 'CBZ Vault', 'Asset', 0, NULL, 1, '2025-08-24 16:16:15', '2025-08-24 16:16:15', NULL),
(51, '10005', 'Accounts Receivable', 'Asset', 0, NULL, 1, '2025-08-24 16:16:15', '2025-08-24 16:16:15', NULL),
(52, '20001', 'Accounts Payable', 'Liability', 0, NULL, 1, '2025-08-24 16:16:15', '2025-08-24 16:16:15', NULL),
(53, '40001', 'Rentals Income', 'Revenue', 0, NULL, 1, '2025-08-24 16:16:15', '2025-08-24 16:16:15', NULL),
(54, '40002', 'Other Income', 'Revenue', 0, NULL, 1, '2025-08-24 16:16:15', '2025-08-24 16:16:15', NULL),
(55, '50001', 'Repairs and Maintenance', 'Expense', 0, NULL, 1, '2025-08-24 16:16:15', '2025-08-24 16:16:15', NULL),
(56, '50002', 'Utilities - Water', 'Expense', 0, NULL, 1, '2025-08-24 16:16:15', '2025-08-24 16:16:15', NULL),
(57, '50003', 'Utilities - Electricity', 'Expense', 0, NULL, 1, '2025-08-24 16:16:15', '2025-08-24 16:16:15', NULL),
(58, '50004', 'Bulk Water', 'Expense', 0, NULL, 1, '2025-08-24 16:16:15', '2025-08-24 16:16:15', NULL),
(59, '50005', 'Car Running', 'Expense', 0, NULL, 1, '2025-08-24 16:16:15', '2025-08-24 16:16:15', NULL),
(60, '50006', 'Car Maintenance and Repair', 'Expense', 0, NULL, 1, '2025-08-24 16:16:15', '2025-08-24 16:16:15', NULL),
(61, '50007', 'Gas Filling', 'Expense', 0, NULL, 1, '2025-08-24 16:16:15', '2025-08-24 16:16:15', NULL),
(62, '50008', 'Communication Cost', 'Expense', 0, NULL, 1, '2025-08-24 16:16:15', '2025-08-24 16:16:15', NULL),
(63, '50009', 'Sanitary', 'Expense', 0, NULL, 1, '2025-08-24 16:16:15', '2025-08-24 16:16:15', NULL),
(64, '50010', 'House Keeping', 'Expense', 0, NULL, 1, '2025-08-24 16:16:15', '2025-08-24 16:16:15', NULL),
(65, '50011', 'Security Costs', 'Expense', 0, NULL, 1, '2025-08-24 16:16:15', '2025-08-24 16:16:15', NULL),
(66, '50012', 'Property Management Salaries', 'Expense', 0, NULL, 1, '2025-08-24 16:16:15', '2025-08-24 16:16:15', NULL),
(67, '50013', 'Administrative Expenses', 'Expense', 0, NULL, 1, '2025-08-24 16:16:15', '2025-08-24 16:16:15', NULL),
(68, '50014', 'Marketing Expenses', 'Expense', 0, NULL, 1, '2025-08-24 16:16:15', '2025-08-24 16:16:15', NULL),
(69, '50015', 'Staff Salaries & Wages', 'Expense', 0, NULL, 1, '2025-08-24 16:16:15', '2025-08-24 16:16:15', NULL),
(70, '50016', 'Staff Welfare', 'Expense', 0, NULL, 1, '2025-08-24 16:16:15', '2025-08-24 16:16:15', NULL),
(71, '50017', 'Depreciation - Buildings', 'Expense', 0, NULL, 1, '2025-08-24 16:16:15', '2025-08-24 16:16:15', NULL),
(72, '50018', 'Professional Fees (Legal, Audit)', 'Expense', 0, NULL, 1, '2025-08-24 16:16:15', '2025-08-24 16:16:15', NULL),
(73, '50019', 'Waste Management', 'Expense', 0, NULL, 1, '2025-08-24 16:16:15', '2025-08-24 16:16:15', NULL),
(74, '50020', 'Medical Aid', 'Expense', 0, NULL, 1, '2025-08-24 16:16:15', '2025-08-24 16:16:15', NULL),
(75, '50021', 'Advertising', 'Expense', 0, NULL, 1, '2025-08-24 16:16:15', '2025-08-24 16:16:15', NULL),
(76, '50022', 'Family Expenses', 'Expense', 0, NULL, 1, '2025-08-24 16:16:15', '2025-08-24 16:16:15', NULL),
(77, '50023', 'House Association Fees', 'Expense', 0, NULL, 1, '2025-08-24 16:16:15', '2025-08-24 16:16:15', NULL),
(78, '50024', 'Licenses', 'Expense', 0, NULL, 1, '2025-08-24 16:16:15', '2025-08-24 16:16:15', NULL),
(79, '50025', 'Depreciation - Motor Vehicles', 'Expense', 0, NULL, 1, '2025-08-24 16:16:15', '2025-08-24 16:16:15', NULL),
(80, '50026', 'Utilities - wifi', 'Expense', 0, NULL, 1, '2025-09-01 20:37:02', '2025-09-01 20:37:02', NULL),
(81, '30004', 'Opening Balance Equity', 'Equity', 0, NULL, 1, '2025-09-01 21:54:32', '2025-09-01 21:54:32', NULL),
(82, '500027', 'City Council Rates', 'Expense', 0, NULL, 1, '2025-10-14 09:38:20', '2025-10-14 09:38:20', NULL);

-- Table: current_account_balances
DELETE FROM `current_account_balances` WHERE 1=1;

-- Inserting 6 rows into current_account_balances
INSERT INTO `current_account_balances` (`id`, `account_id`, `account_code`, `account_name`, `account_type`, `current_balance`, `total_debits`, `total_credits`, `transaction_count`, `last_transaction_date`, `created_at`, `updated_at`) VALUES
(76, 51, '10005', 'Accounts Receivable', 'Asset', 330.00, 390.00, 60.00, 4, '2025-10-21 22:00:00', '2025-10-20 08:45:36', '2025-10-22 09:31:44'),
(77, 53, '40001', 'Rentals Income', 'Revenue', 390.00, 0.00, 390.00, 3, '2025-10-19 22:00:00', '2025-10-20 08:45:36', '2025-10-20 08:48:12'),
(78, 57, '50003', 'Utilities - Electricity', 'Expense', 200.00, 200.00, 0.00, 1, '2025-10-21 22:00:00', '2025-10-21 22:48:48', '2025-10-21 22:48:48'),
(79, 47, '10001', 'Petty Cash', 'Asset', -840.00, 60.00, 900.00, 4, '2025-10-21 22:00:00', '2025-10-21 22:48:48', '2025-10-22 09:31:44'),
(80, 64, '50010', 'House Keeping', 'Expense', 500.00, 500.00, 0.00, 1, '2025-10-21 22:00:00', '2025-10-21 22:56:04', '2025-10-21 22:56:04'),
(81, 56, '50002', 'Utilities - Water', 'Expense', 200.00, 200.00, 0.00, 1, '2025-10-21 22:00:00', '2025-10-21 23:05:11', '2025-10-21 23:05:11');

-- Table: expenditure_requests
DELETE FROM `expenditure_requests` WHERE 1=1;

-- Inserting 8 rows into expenditure_requests
INSERT INTO `expenditure_requests` (`id`, `boarding_house_id`, `title`, `description`, `amount`, `category`, `priority`, `expected_date`, `vendor`, `justification`, `status`, `submitted_by`, `submitted_date`, `approved_by`, `approved_date`, `rejected_by`, `rejected_date`, `rejection_reason`, `created_at`, `updated_at`) VALUES
(1, 4, 'water request', 'test', 200.00, 'Utilities - Water', 'medium', '2025-10-11 22:00:00', '', 'test', 'actioned', 2, '2025-10-11 21:49:36', 1, '2025-10-12 17:02:21', NULL, NULL, NULL, '2025-10-11 21:49:36', '2025-10-12 17:02:38'),
(2, 4, 'Electricity', '', 200.00, 'Utilities - Electricity', 'medium', '2025-09-08 22:00:00', '', '', 'actioned', 2, '2025-10-21 08:51:09', 1, '2025-10-21 22:44:43', NULL, NULL, NULL, '2025-10-21 08:51:09', '2025-10-21 22:48:48'),
(3, 4, 'House through cleaning', 'Monthly thorough-cleaning', 500.00, 'House Keeping', 'low', '2025-09-02 22:00:00', '', '', 'actioned', 2, '2025-10-21 09:10:51', 1, '2025-10-21 22:55:28', NULL, NULL, NULL, '2025-10-21 09:10:51', '2025-10-21 22:56:04'),
(4, 4, 'City Council water', 'all the council rates for the month of September', 89.00, 'City Council Rates', 'high', '2025-09-04 22:00:00', '', '', 'pending', 2, '2025-10-21 09:37:43', NULL, NULL, NULL, NULL, NULL, '2025-10-21 09:37:43', '2025-10-21 09:37:43'),
(5, 4, 'Gas Refilling ', 'The monthly gas refilling ', 58.00, 'Gas Filling', 'urgent', '2025-08-31 22:00:00', '', '', 'pending', 2, '2025-10-21 09:43:50', NULL, NULL, NULL, NULL, NULL, '2025-10-21 09:43:50', '2025-10-21 09:43:50'),
(6, 4, 'Bulk Water Supply (four tanks)', '', 200.00, 'Bulk Water', 'urgent', '2025-08-31 22:00:00', '', '', 'pending', 2, '2025-10-21 09:47:23', NULL, NULL, NULL, NULL, NULL, '2025-10-21 09:47:23', '2025-10-21 09:47:23'),
(7, 4, 'Car insurance and repairs', '', 175.00, 'Car Maintenance and Repair', 'medium', '2025-09-08 22:00:00', '', '', 'pending', 2, '2025-10-21 09:50:36', NULL, NULL, NULL, NULL, NULL, '2025-10-21 09:50:36', '2025-10-21 09:50:36'),
(8, 4, 'test99', 'test', 200.00, 'Utilities - Water', 'medium', '2025-10-21 22:00:00', '', '', 'actioned', 2, '2025-10-21 23:04:49', 1, '2025-10-21 23:05:02', NULL, NULL, NULL, '2025-10-21 23:04:49', '2025-10-21 23:05:11');

-- Table: expenses
DELETE FROM `expenses` WHERE 1=1;

-- Inserting 17 rows into expenses
INSERT INTO `expenses` (`id`, `transaction_id`, `expense_date`, `amount`, `description`, `payment_method`, `payment_status`, `total_amount`, `remaining_balance`, `remaining_payment_method`, `reference_number`, `expense_account_id`, `supplier_id`, `notes`, `created_by`, `boarding_house_id`, `created_at`, `updated_at`, `deleted_at`, `receipt_path`, `receipt_original_name`) VALUES
(1, 1, '2025-07-31 22:00:00', 450.00, 'EXP-20250901-222341', 'petty_cash', 'full', 450.00, 0.00, NULL, 'EXP-20250901-222341', 65, NULL, NULL, 1, 4, '2025-09-01 20:23:58', '2025-09-01 20:23:58', NULL, NULL, NULL),
(2, 2, '2025-08-04 22:00:00', 127.00, 'EXP-20250901-223136', 'petty_cash', 'full', 127.00, 0.00, NULL, 'EXP-20250901-223136', 63, NULL, 'EXP-20250901-223136', 1, 4, '2025-09-01 20:32:12', '2025-09-01 20:32:28', NULL, NULL, NULL),
(3, 3, '2025-08-04 22:00:00', 30.00, 'EXP-20250901-223307', 'petty_cash', 'full', 30.00, 0.00, NULL, 'EXP-20250901-223307', 64, NULL, 'EXP-20250901-223307', 1, 4, '2025-09-01 20:33:28', '2025-09-01 20:33:28', NULL, NULL, NULL),
(4, 4, '2025-08-07 22:00:00', 100.00, 'EXP-20250901-223737', 'petty_cash', 'full', 100.00, 0.00, NULL, 'EXP-20250901-223737', 80, NULL, 'EXP-20250901-223737', 1, 4, '2025-09-01 20:37:51', '2025-09-01 20:37:51', NULL, NULL, NULL),
(5, 5, '2025-08-19 22:00:00', 350.00, 'Terminte treatment', 'petty_cash', 'full', 350.00, 0.00, NULL, 'EXP-20250901-224037', 55, NULL, NULL, 1, 4, '2025-09-01 20:41:05', '2025-09-01 20:41:05', NULL, NULL, NULL),
(6, 6, '2025-08-20 22:00:00', 227.00, 'Plumbing and washing line', 'petty_cash', 'full', 227.00, 0.00, NULL, 'EXP-20250901-224145', 55, NULL, NULL, 1, 4, '2025-09-01 20:42:11', '2025-09-01 20:42:11', NULL, NULL, NULL),
(7, 144, '2025-08-04 22:00:00', 20.00, 'House-keeping', 'petty_cash', 'full', 20.00, 0.00, NULL, 'EXP-20250907-204653', 64, NULL, NULL, 1, 5, '2025-09-07 18:47:26', '2025-09-07 18:47:26', NULL, NULL, NULL),
(8, 145, '2025-08-04 22:00:00', 49.00, 'Cleaning supplies', 'petty_cash', 'full', 49.00, 0.00, NULL, 'EXP-20250907-204848', 64, NULL, NULL, 1, 5, '2025-09-07 18:49:20', '2025-09-07 18:49:20', NULL, NULL, NULL),
(9, 147, '2025-08-13 22:00:00', 169.00, 'Modern relocation', 'petty_cash', 'full', 169.00, 0.00, NULL, 'EXP-20250907-205126', 55, NULL, NULL, 1, 5, '2025-09-07 18:51:54', '2025-09-07 18:51:54', NULL, NULL, NULL),
(10, 149, '2025-08-03 22:00:00', 90.00, 'Gas', 'petty_cash', 'full', 90.00, 0.00, NULL, 'EXP-20250907-210245', 61, NULL, NULL, 1, 5, '2025-09-07 19:03:09', '2025-09-07 19:03:09', NULL, NULL, NULL),
(11, 150, '2025-08-05 22:00:00', 30.00, 'Neighbourhood watch', 'petty_cash', 'full', 30.00, 0.00, NULL, 'EXP-20250907-210537', 64, NULL, NULL, 1, 5, '2025-09-07 19:07:46', '2025-09-07 19:07:46', NULL, NULL, NULL),
(12, 157, '2025-08-27 22:00:00', 500.00, 'Alamait management fee', 'cash', 'full', 500.00, 0.00, NULL, 'EXP-20250907-212117', 66, NULL, NULL, 1, 5, '2025-09-07 19:21:49', '2025-09-07 19:21:49', NULL, NULL, NULL),
(13, 158, '2025-09-02 22:00:00', 250.00, 'water refill', 'petty_cash', 'full', 250.00, 0.00, NULL, 'EXP-20251002-090321', 58, NULL, 'water refill', 1, 4, '2025-10-02 07:03:43', '2025-10-02 07:03:43', NULL, NULL, NULL),
(14, 192, '2025-10-11 22:00:00', 200.00, 'test', 'cash', 'full', 200.00, 0.00, NULL, 'EXP-REQ-1', 56, NULL, 'test', 2, 4, '2025-10-12 17:02:38', '2025-10-12 17:02:38', NULL, NULL, NULL),
(15, 213, '2025-09-08 22:00:00', 200.00, 'Electricity', 'cash', 'full', 200.00, 0.00, NULL, 'EXP-REQ-2', 57, NULL, '', 2, 4, '2025-10-21 22:48:48', '2025-10-21 22:48:48', NULL, NULL, NULL),
(16, 214, '2025-09-02 22:00:00', 500.00, 'Monthly thorough-cleaning', 'cash', 'full', 500.00, 0.00, NULL, 'EXP-REQ-3', 64, NULL, '', 2, 4, '2025-10-21 22:56:04', '2025-10-21 22:56:04', NULL, NULL, NULL),
(17, 215, '2025-10-21 22:00:00', 200.00, 'test', 'cash', 'full', 200.00, 0.00, NULL, 'EXP-REQ-8', 56, NULL, '', 2, 4, '2025-10-21 23:05:11', '2025-10-21 23:05:11', NULL, NULL, NULL);

-- Table: journal_entries
DELETE FROM `journal_entries` WHERE 1=1;

-- Inserting 399 rows into journal_entries
INSERT INTO `journal_entries` (`id`, `transaction_id`, `account_id`, `entry_type`, `amount`, `description`, `boarding_house_id`, `created_by`, `created_at`, `updated_at`, `deleted_at`) VALUES
(1, 1, 65, 'debit', 450.00, 'EXP-20250901-222341 - Expense', 4, 1, '2025-09-01 20:23:58', '2025-09-01 20:23:58', NULL),
(2, 1, 47, 'credit', 450.00, 'EXP-20250901-222341 - Payment', 4, 1, '2025-09-01 20:23:58', '2025-09-01 20:23:58', NULL),
(5, 2, 63, 'debit', 127.00, 'EXP-20250901-223136', 4, 1, '2025-09-01 20:32:28', '2025-09-01 20:32:28', NULL),
(6, 2, 47, 'credit', 127.00, 'EXP-20250901-223136', 4, 1, '2025-09-01 20:32:28', '2025-09-01 20:32:28', NULL),
(7, 3, 64, 'debit', 30.00, 'EXP-20250901-223307 - Expense', 4, 1, '2025-09-01 20:33:28', '2025-09-01 20:33:28', NULL),
(8, 3, 47, 'credit', 30.00, 'EXP-20250901-223307 - Payment', 4, 1, '2025-09-01 20:33:28', '2025-09-01 20:33:28', NULL),
(9, 4, 80, 'debit', 100.00, 'EXP-20250901-223737 - Expense', 4, 1, '2025-09-01 20:37:51', '2025-09-01 20:37:51', NULL),
(10, 4, 47, 'credit', 100.00, 'EXP-20250901-223737 - Payment', 4, 1, '2025-09-01 20:37:51', '2025-09-01 20:37:51', NULL),
(11, 5, 55, 'debit', 350.00, 'Terminte treatment - Expense', 4, 1, '2025-09-01 20:41:05', '2025-09-01 20:41:05', NULL),
(12, 5, 47, 'credit', 350.00, 'Terminte treatment - Payment', 4, 1, '2025-09-01 20:41:05', '2025-09-01 20:41:05', NULL),
(13, 6, 55, 'debit', 227.00, 'Plumbing and washing line - Expense', 4, 1, '2025-09-01 20:42:11', '2025-09-01 20:42:11', NULL),
(14, 6, 47, 'credit', 227.00, 'Plumbing and washing line - Payment', 4, 1, '2025-09-01 20:42:11', '2025-09-01 20:42:11', NULL),
(15, 7, 48, 'debit', 2486.55, 'Opening Balance Set: Initial balance', 7, 1, '2025-09-01 21:54:32', '2025-09-01 21:54:32', NULL),
(16, 7, 81, 'credit', 2486.55, 'Opening Balance for Cash', 7, 1, '2025-09-01 21:54:32', '2025-09-01 21:54:32', NULL),
(17, 8, 50, 'debit', 2800.00, 'Opening Balance Set: Initial balance', 7, 1, '2025-09-01 21:55:09', '2025-09-01 21:55:09', NULL),
(18, 8, 81, 'credit', 2800.00, 'Opening Balance for CBZ Vault', 7, 1, '2025-09-01 21:55:09', '2025-09-01 21:55:09', NULL),
(19, 9, 49, 'debit', 629.19, 'Opening Balance Set: Initial balance', 7, 1, '2025-09-01 21:55:39', '2025-09-01 21:55:39', NULL),
(20, 9, 81, 'credit', 629.19, 'Opening Balance for CBZ Bank Account', 7, 1, '2025-09-01 21:55:39', '2025-09-01 21:55:39', NULL),
(21, 10, 47, 'debit', 600.00, 'Petty cash addition from Cash', 1, 1, '2025-09-01 22:15:26', '2025-09-01 22:15:26', NULL),
(22, 10, 48, 'credit', 600.00, 'Petty cash addition from Cash', 1, 1, '2025-09-01 22:15:26', '2025-09-01 22:15:26', NULL),
(23, 11, 47, 'debit', 100.00, 'Petty cash addition from Cash', 1, 1, '2025-09-01 22:15:26', '2025-09-01 22:15:26', NULL),
(24, 11, 48, 'credit', 100.00, 'Petty cash addition from Cash', 1, 1, '2025-09-01 22:15:26', '2025-09-01 22:15:26', NULL),
(25, 12, 47, 'debit', 1319.00, 'Petty cash addition from Cash', 1, 1, '2025-09-01 22:15:26', '2025-09-01 22:15:26', NULL),
(26, 12, 48, 'credit', 1319.00, 'Petty cash addition from Cash', 1, 1, '2025-09-01 22:15:26', '2025-09-01 22:15:26', NULL),
(27, 13, 51, 'debit', 160.00, 'Overdue rent receivable - Anita Gwenda', 4, 1, '2025-09-05 09:33:36', '2025-09-05 09:33:36', NULL),
(28, 13, 53, 'credit', 160.00, 'Overdue rent income - Anita Gwenda', 4, 1, '2025-09-05 09:33:36', '2025-09-05 09:33:36', NULL),
(29, 14, 51, 'debit', 160.00, 'Overdue rent receivable - Anita Gwenda', 4, 1, '2025-09-05 09:33:36', '2025-09-05 09:33:36', NULL),
(30, 14, 53, 'credit', 160.00, 'Overdue rent income - Anita Gwenda', 4, 1, '2025-09-05 09:33:36', '2025-09-05 09:33:36', NULL),
(31, 15, 51, 'debit', 160.00, 'Overdue rent receivable - Anita Gwenda', 4, 1, '2025-09-05 09:33:36', '2025-09-05 09:33:36', NULL),
(32, 15, 53, 'credit', 160.00, 'Overdue rent income - Anita Gwenda', 4, 1, '2025-09-05 09:33:36', '2025-09-05 09:33:36', NULL),
(33, 16, 51, 'debit', 180.00, 'Overdue rent receivable - Lillian Chatikobo', 4, 1, '2025-09-05 09:33:36', '2025-09-05 09:33:36', NULL),
(34, 16, 53, 'credit', 180.00, 'Overdue rent income - Lillian Chatikobo', 4, 1, '2025-09-05 09:33:36', '2025-09-05 09:33:36', NULL),
(35, 17, 51, 'debit', 180.00, 'Overdue rent receivable - Lillian Chatikobo', 4, 1, '2025-09-05 09:33:36', '2025-09-05 09:33:36', NULL),
(36, 17, 53, 'credit', 180.00, 'Overdue rent income - Lillian Chatikobo', 4, 1, '2025-09-05 09:33:36', '2025-09-05 09:33:36', NULL),
(37, 18, 51, 'debit', 180.00, 'Overdue rent receivable - Lillian Chatikobo', 4, 1, '2025-09-05 09:33:36', '2025-09-05 09:33:36', NULL),
(38, 18, 53, 'credit', 180.00, 'Overdue rent income - Lillian Chatikobo', 4, 1, '2025-09-05 09:33:36', '2025-09-05 09:33:36', NULL),
(39, 19, 51, 'debit', 98.00, 'Overdue rent receivable - Sharon Matanha', 4, 1, '2025-09-05 09:33:36', '2025-09-05 09:33:36', NULL),
(40, 19, 53, 'credit', 98.00, 'Overdue rent income - Sharon Matanha', 4, 1, '2025-09-05 09:33:36', '2025-09-05 09:33:36', NULL),
(41, 20, 51, 'debit', 98.00, 'Overdue rent receivable - Sharon Matanha', 4, 1, '2025-09-05 09:33:36', '2025-09-05 09:33:36', NULL),
(42, 20, 53, 'credit', 98.00, 'Overdue rent income - Sharon Matanha', 4, 1, '2025-09-05 09:33:36', '2025-09-05 09:33:36', NULL),
(43, 21, 51, 'debit', 98.00, 'Overdue rent receivable - Sharon Matanha', 4, 1, '2025-09-05 09:33:36', '2025-09-05 09:33:36', NULL),
(44, 21, 53, 'credit', 98.00, 'Overdue rent income - Sharon Matanha', 4, 1, '2025-09-05 09:33:36', '2025-09-05 09:33:36', NULL),
(45, 22, 51, 'debit', 180.00, 'Overdue rent receivable - Bellis Mapetere', 4, 1, '2025-09-05 09:33:36', '2025-09-05 09:33:36', NULL),
(46, 22, 53, 'credit', 180.00, 'Overdue rent income - Bellis Mapetere', 4, 1, '2025-09-05 09:33:36', '2025-09-05 09:33:36', NULL),
(47, 23, 51, 'debit', 180.00, 'Overdue rent receivable - Bellis Mapetere', 4, 1, '2025-09-05 09:33:36', '2025-09-05 09:33:36', NULL),
(48, 23, 53, 'credit', 180.00, 'Overdue rent income - Bellis Mapetere', 4, 1, '2025-09-05 09:33:36', '2025-09-05 09:33:36', NULL),
(49, 24, 51, 'debit', 180.00, 'Overdue rent receivable - Bellis Mapetere', 4, 1, '2025-09-05 09:33:36', '2025-09-05 09:33:36', NULL),
(50, 24, 53, 'credit', 180.00, 'Overdue rent income - Bellis Mapetere', 4, 1, '2025-09-05 09:33:36', '2025-09-05 09:33:36', NULL),
(51, 25, 51, 'debit', 160.00, 'Overdue rent receivable - Tatenda Kamatando', 4, 1, '2025-09-05 09:33:36', '2025-09-05 09:33:36', NULL),
(52, 25, 53, 'credit', 160.00, 'Overdue rent income - Tatenda Kamatando', 4, 1, '2025-09-05 09:33:36', '2025-09-05 09:33:36', NULL),
(53, 26, 51, 'debit', 110.00, 'Overdue rent receivable - Tatenda Kamatando', 4, 1, '2025-09-05 09:33:36', '2025-09-05 09:33:36', NULL),
(54, 26, 53, 'credit', 110.00, 'Overdue rent income - Tatenda Kamatando', 4, 1, '2025-09-05 09:33:36', '2025-09-05 09:33:36', NULL),
(55, 27, 51, 'debit', 160.00, 'Overdue rent receivable - Tatenda Kamatando', 4, 1, '2025-09-05 09:33:36', '2025-09-05 09:33:36', NULL),
(56, 27, 53, 'credit', 160.00, 'Overdue rent income - Tatenda Kamatando', 4, 1, '2025-09-05 09:33:36', '2025-09-05 09:33:36', NULL),
(57, 28, 51, 'debit', 160.00, 'Overdue rent receivable - Fay Mubaiwa', 4, 1, '2025-09-05 09:33:36', '2025-09-05 09:33:36', NULL),
(58, 28, 53, 'credit', 160.00, 'Overdue rent income - Fay Mubaiwa', 4, 1, '2025-09-05 09:33:36', '2025-09-05 09:33:36', NULL),
(59, 29, 51, 'debit', 160.00, 'Overdue rent receivable - Fay Mubaiwa', 4, 1, '2025-09-05 09:33:36', '2025-09-05 09:33:36', NULL),
(60, 29, 53, 'credit', 160.00, 'Overdue rent income - Fay Mubaiwa', 4, 1, '2025-09-05 09:33:36', '2025-09-05 09:33:36', NULL),
(61, 30, 51, 'debit', 160.00, 'Overdue rent receivable - Fay Mubaiwa', 4, 1, '2025-09-05 09:33:36', '2025-09-05 09:33:36', NULL),
(62, 30, 53, 'credit', 160.00, 'Overdue rent income - Fay Mubaiwa', 4, 1, '2025-09-05 09:33:36', '2025-09-05 09:33:36', NULL),
(63, 31, 51, 'debit', 160.00, 'Overdue rent receivable - Tanyaradzwa Manife', 4, 1, '2025-09-05 09:33:36', '2025-09-05 09:33:36', NULL),
(64, 31, 53, 'credit', 160.00, 'Overdue rent income - Tanyaradzwa Manife', 4, 1, '2025-09-05 09:33:36', '2025-09-05 09:33:36', NULL),
(65, 32, 51, 'debit', 160.00, 'Overdue rent receivable - Tanyaradzwa Manife', 4, 1, '2025-09-05 09:33:36', '2025-09-05 09:33:36', NULL),
(66, 32, 53, 'credit', 160.00, 'Overdue rent income - Tanyaradzwa Manife', 4, 1, '2025-09-05 09:33:36', '2025-09-05 09:33:36', NULL),
(67, 33, 51, 'debit', 160.00, 'Overdue rent receivable - Tanyaradzwa Manife', 4, 1, '2025-09-05 09:33:36', '2025-09-05 09:33:36', NULL),
(68, 33, 53, 'credit', 160.00, 'Overdue rent income - Tanyaradzwa Manife', 4, 1, '2025-09-05 09:33:36', '2025-09-05 09:33:36', NULL),
(69, 34, 51, 'debit', 160.00, 'Overdue rent receivable - Christine Mutsikwa', 4, 1, '2025-09-05 09:33:36', '2025-09-05 09:33:36', NULL),
(70, 34, 53, 'credit', 160.00, 'Overdue rent income - Christine Mutsikwa', 4, 1, '2025-09-05 09:33:36', '2025-09-05 09:33:36', NULL),
(71, 35, 51, 'debit', 160.00, 'Overdue rent receivable - Christine Mutsikwa', 4, 1, '2025-09-05 09:33:36', '2025-09-05 09:33:36', NULL),
(72, 35, 53, 'credit', 160.00, 'Overdue rent income - Christine Mutsikwa', 4, 1, '2025-09-05 09:33:36', '2025-09-05 09:33:36', NULL),
(73, 36, 51, 'debit', 160.00, 'Overdue rent receivable - Christine Mutsikwa', 4, 1, '2025-09-05 09:33:36', '2025-09-05 09:33:36', NULL),
(74, 36, 53, 'credit', 160.00, 'Overdue rent income - Christine Mutsikwa', 4, 1, '2025-09-05 09:33:36', '2025-09-05 09:33:36', NULL),
(75, 37, 51, 'debit', 160.00, 'Overdue rent receivable - Bertha Mwangu', 4, 1, '2025-09-05 09:33:36', '2025-09-05 09:33:36', NULL),
(76, 37, 53, 'credit', 160.00, 'Overdue rent income - Bertha Mwangu', 4, 1, '2025-09-05 09:33:36', '2025-09-05 09:33:36', NULL),
(77, 38, 51, 'debit', 160.00, 'Overdue rent receivable - Bertha Mwangu', 4, 1, '2025-09-05 09:33:36', '2025-09-05 09:33:36', NULL),
(78, 38, 53, 'credit', 160.00, 'Overdue rent income - Bertha Mwangu', 4, 1, '2025-09-05 09:33:36', '2025-09-05 09:33:36', NULL),
(79, 39, 51, 'debit', 160.00, 'Overdue rent receivable - Bertha Mwangu', 4, 1, '2025-09-05 09:33:36', '2025-09-05 09:33:36', NULL),
(80, 39, 53, 'credit', 160.00, 'Overdue rent income - Bertha Mwangu', 4, 1, '2025-09-05 09:33:36', '2025-09-05 09:33:36', NULL),
(81, 40, 51, 'debit', 160.00, 'Overdue rent receivable - Merrylin Makunzva', 4, 1, '2025-09-05 09:33:36', '2025-09-05 09:33:36', NULL),
(82, 40, 53, 'credit', 160.00, 'Overdue rent income - Merrylin Makunzva', 4, 1, '2025-09-05 09:33:36', '2025-09-05 09:33:36', NULL),
(83, 41, 51, 'debit', 160.00, 'Overdue rent receivable - Merrylin Makunzva', 4, 1, '2025-09-05 09:33:36', '2025-09-05 09:33:36', NULL),
(84, 41, 53, 'credit', 160.00, 'Overdue rent income - Merrylin Makunzva', 4, 1, '2025-09-05 09:33:36', '2025-09-05 09:33:36', NULL),
(85, 42, 51, 'debit', 160.00, 'Overdue rent receivable - Merrylin Makunzva', 4, 1, '2025-09-05 09:33:36', '2025-09-05 09:33:36', NULL),
(86, 42, 53, 'credit', 160.00, 'Overdue rent income - Merrylin Makunzva', 4, 1, '2025-09-05 09:33:36', '2025-09-05 09:33:36', NULL),
(87, 43, 51, 'debit', 180.00, 'Overdue rent receivable - Shantell Mawarira', 4, 1, '2025-09-05 09:33:36', '2025-09-05 09:33:36', NULL),
(88, 43, 53, 'credit', 180.00, 'Overdue rent income - Shantell Mawarira', 4, 1, '2025-09-05 09:33:36', '2025-09-05 09:33:36', NULL),
(89, 44, 51, 'debit', 180.00, 'Overdue rent receivable - Shantell Mawarira', 4, 1, '2025-09-05 09:33:36', '2025-09-05 09:33:36', NULL),
(90, 44, 53, 'credit', 180.00, 'Overdue rent income - Shantell Mawarira', 4, 1, '2025-09-05 09:33:36', '2025-09-05 09:33:36', NULL),
(91, 45, 51, 'debit', 180.00, 'Overdue rent receivable - Shantell Mawarira', 4, 1, '2025-09-05 09:33:36', '2025-09-05 09:33:36', NULL),
(92, 45, 53, 'credit', 180.00, 'Overdue rent income - Shantell Mawarira', 4, 1, '2025-09-05 09:33:36', '2025-09-05 09:33:36', NULL),
(93, 46, 51, 'debit', 170.00, 'Overdue rent receivable - Salina Saidi', 4, 1, '2025-09-05 09:33:36', '2025-09-05 09:33:36', NULL),
(94, 46, 53, 'credit', 170.00, 'Overdue rent income - Salina Saidi', 4, 1, '2025-09-05 09:33:36', '2025-09-05 09:33:36', NULL),
(95, 47, 51, 'debit', 170.00, 'Overdue rent receivable - Salina Saidi', 4, 1, '2025-09-05 09:33:36', '2025-09-05 09:33:36', NULL),
(96, 47, 53, 'credit', 170.00, 'Overdue rent income - Salina Saidi', 4, 1, '2025-09-05 09:33:36', '2025-09-05 09:33:36', NULL),
(97, 48, 51, 'debit', 170.00, 'Overdue rent receivable - Salina Saidi', 4, 1, '2025-09-05 09:33:36', '2025-09-05 09:33:36', NULL),
(98, 48, 53, 'credit', 170.00, 'Overdue rent income - Salina Saidi', 4, 1, '2025-09-05 09:33:36', '2025-09-05 09:33:36', NULL),
(99, 49, 51, 'debit', 170.00, 'Overdue rent receivable - Tinotenda Bwangangwanyo', 4, 1, '2025-09-05 09:33:36', '2025-09-05 09:33:36', NULL),
(100, 49, 53, 'credit', 170.00, 'Overdue rent income - Tinotenda Bwangangwanyo', 4, 1, '2025-09-05 09:33:36', '2025-09-05 09:33:36', NULL),
(101, 50, 51, 'debit', 170.00, 'Overdue rent receivable - Tinotenda Bwangangwanyo', 4, 1, '2025-09-05 09:33:36', '2025-09-05 09:33:36', NULL),
(102, 50, 53, 'credit', 170.00, 'Overdue rent income - Tinotenda Bwangangwanyo', 4, 1, '2025-09-05 09:33:36', '2025-09-05 09:33:36', NULL);

INSERT INTO `journal_entries` (`id`, `transaction_id`, `account_id`, `entry_type`, `amount`, `description`, `boarding_house_id`, `created_by`, `created_at`, `updated_at`, `deleted_at`) VALUES
(103, 51, 51, 'debit', 170.00, 'Overdue rent receivable - Tinotenda Bwangangwanyo', 4, 1, '2025-09-05 09:33:36', '2025-09-05 09:33:36', NULL),
(104, 51, 53, 'credit', 170.00, 'Overdue rent income - Tinotenda Bwangangwanyo', 4, 1, '2025-09-05 09:33:36', '2025-09-05 09:33:36', NULL),
(105, 52, 51, 'debit', 170.00, 'Overdue rent receivable - Kimberly Nkomo', 4, 1, '2025-09-05 09:33:36', '2025-09-05 09:33:36', NULL),
(106, 52, 53, 'credit', 170.00, 'Overdue rent income - Kimberly Nkomo', 4, 1, '2025-09-05 09:33:36', '2025-09-05 09:33:36', NULL),
(107, 53, 51, 'debit', 170.00, 'Overdue rent receivable - Kimberly Nkomo', 4, 1, '2025-09-05 09:33:36', '2025-09-05 09:33:36', NULL),
(108, 53, 53, 'credit', 170.00, 'Overdue rent income - Kimberly Nkomo', 4, 1, '2025-09-05 09:33:36', '2025-09-05 09:33:36', NULL),
(109, 54, 51, 'debit', 170.00, 'Overdue rent receivable - Kimberly Nkomo', 4, 1, '2025-09-05 09:33:36', '2025-09-05 09:33:36', NULL),
(110, 54, 53, 'credit', 170.00, 'Overdue rent income - Kimberly Nkomo', 4, 1, '2025-09-05 09:33:36', '2025-09-05 09:33:36', NULL),
(111, 55, 51, 'debit', 180.00, 'Overdue rent receivable - Kimberly Mutowembwa', 4, 1, '2025-09-05 09:33:36', '2025-09-05 09:33:36', NULL),
(112, 55, 53, 'credit', 180.00, 'Overdue rent income - Kimberly Mutowembwa', 4, 1, '2025-09-05 09:33:36', '2025-09-05 09:33:36', NULL),
(113, 56, 51, 'debit', 180.00, 'Overdue rent receivable - Kimberly Mutowembwa', 4, 1, '2025-09-05 09:33:36', '2025-09-05 09:33:36', NULL),
(114, 56, 53, 'credit', 180.00, 'Overdue rent income - Kimberly Mutowembwa', 4, 1, '2025-09-05 09:33:36', '2025-09-05 09:33:36', NULL),
(115, 57, 51, 'debit', 180.00, 'Overdue rent receivable - Kimberly Mutowembwa', 4, 1, '2025-09-05 09:33:36', '2025-09-05 09:33:36', NULL),
(116, 57, 53, 'credit', 180.00, 'Overdue rent income - Kimberly Mutowembwa', 4, 1, '2025-09-05 09:33:36', '2025-09-05 09:33:36', NULL),
(117, 58, 51, 'debit', 180.00, 'Overdue rent receivable - Alicia Matamuko', 4, 1, '2025-09-05 09:33:36', '2025-09-05 09:33:36', NULL),
(118, 58, 53, 'credit', 180.00, 'Overdue rent income - Alicia Matamuko', 4, 1, '2025-09-05 09:33:36', '2025-09-05 09:33:36', NULL),
(119, 59, 51, 'debit', 180.00, 'Overdue rent receivable - Alicia Matamuko', 4, 1, '2025-09-05 09:33:36', '2025-09-05 09:33:36', NULL),
(120, 59, 53, 'credit', 180.00, 'Overdue rent income - Alicia Matamuko', 4, 1, '2025-09-05 09:33:36', '2025-09-05 09:33:36', NULL),
(121, 60, 51, 'debit', 180.00, 'Overdue rent receivable - Alicia Matamuko', 4, 1, '2025-09-05 09:33:36', '2025-09-05 09:33:36', NULL),
(122, 60, 53, 'credit', 180.00, 'Overdue rent income - Alicia Matamuko', 4, 1, '2025-09-05 09:33:36', '2025-09-05 09:33:36', NULL),
(123, 61, 51, 'debit', 180.00, 'Overdue rent receivable - L Moyo', 4, 1, '2025-09-05 09:33:36', '2025-09-05 09:33:36', NULL),
(124, 61, 53, 'credit', 180.00, 'Overdue rent income - L Moyo', 4, 1, '2025-09-05 09:33:36', '2025-09-05 09:33:36', NULL),
(125, 62, 51, 'debit', 180.00, 'Overdue rent receivable - L Moyo', 4, 1, '2025-09-05 09:33:36', '2025-09-05 09:33:36', NULL),
(126, 62, 53, 'credit', 180.00, 'Overdue rent income - L Moyo', 4, 1, '2025-09-05 09:33:36', '2025-09-05 09:33:36', NULL),
(127, 63, 51, 'debit', 180.00, 'Overdue rent receivable - L Moyo', 4, 1, '2025-09-05 09:33:36', '2025-09-05 09:33:36', NULL),
(128, 63, 53, 'credit', 180.00, 'Overdue rent income - L Moyo', 4, 1, '2025-09-05 09:33:36', '2025-09-05 09:33:36', NULL),
(129, 64, 51, 'debit', 150.00, 'Overdue rent receivable - Thandiwe', 5, 1, '2025-09-05 09:33:36', '2025-09-05 09:33:36', NULL),
(130, 64, 53, 'credit', 150.00, 'Overdue rent income - Thandiwe', 5, 1, '2025-09-05 09:33:36', '2025-09-05 09:33:36', NULL),
(131, 65, 51, 'debit', 150.00, 'Overdue rent receivable - Thandiwe', 5, 1, '2025-09-05 09:33:36', '2025-09-05 09:33:36', NULL),
(132, 65, 53, 'credit', 150.00, 'Overdue rent income - Thandiwe', 5, 1, '2025-09-05 09:33:36', '2025-09-05 09:33:36', NULL),
(133, 66, 51, 'debit', 150.00, 'Overdue rent receivable - Thandiwe', 5, 1, '2025-09-05 09:33:36', '2025-09-05 09:33:36', NULL),
(134, 66, 53, 'credit', 150.00, 'Overdue rent income - Thandiwe', 5, 1, '2025-09-05 09:33:36', '2025-09-05 09:33:36', NULL),
(135, 67, 51, 'debit', 110.00, 'Overdue rent receivable - Tamia Moyo', 5, 1, '2025-09-05 09:33:36', '2025-09-05 09:33:36', NULL),
(136, 67, 53, 'credit', 110.00, 'Overdue rent income - Tamia Moyo', 5, 1, '2025-09-05 09:33:36', '2025-09-05 09:33:36', NULL),
(137, 68, 51, 'debit', 110.00, 'Overdue rent receivable - Tamia Moyo', 5, 1, '2025-09-05 09:33:36', '2025-09-05 09:33:36', NULL),
(138, 68, 53, 'credit', 110.00, 'Overdue rent income - Tamia Moyo', 5, 1, '2025-09-05 09:33:36', '2025-09-05 09:33:36', NULL),
(139, 69, 51, 'debit', 110.00, 'Overdue rent receivable - Tamia Moyo', 5, 1, '2025-09-05 09:33:36', '2025-09-05 09:33:36', NULL),
(140, 69, 53, 'credit', 110.00, 'Overdue rent income - Tamia Moyo', 5, 1, '2025-09-05 09:33:36', '2025-09-05 09:33:36', NULL),
(141, 70, 51, 'debit', 110.00, 'Overdue rent receivable - Tinenyasha Gozho', 5, 1, '2025-09-05 09:33:36', '2025-09-05 09:33:36', NULL),
(142, 70, 53, 'credit', 110.00, 'Overdue rent income - Tinenyasha Gozho', 5, 1, '2025-09-05 09:33:36', '2025-09-05 09:33:36', NULL),
(143, 71, 51, 'debit', 110.00, 'Overdue rent receivable - Tinenyasha Gozho', 5, 1, '2025-09-05 09:33:36', '2025-09-05 09:33:36', NULL),
(144, 71, 53, 'credit', 110.00, 'Overdue rent income - Tinenyasha Gozho', 5, 1, '2025-09-05 09:33:36', '2025-09-05 09:33:36', NULL),
(145, 72, 51, 'debit', 110.00, 'Overdue rent receivable - Tinenyasha Gozho', 5, 1, '2025-09-05 09:33:36', '2025-09-05 09:33:36', NULL),
(146, 72, 53, 'credit', 110.00, 'Overdue rent income - Tinenyasha Gozho', 5, 1, '2025-09-05 09:33:36', '2025-09-05 09:33:36', NULL),
(147, 73, 51, 'debit', 80.00, 'Overdue rent receivable - Candice Gavajena', 5, 1, '2025-09-05 09:33:36', '2025-09-05 09:33:36', NULL),
(148, 73, 53, 'credit', 80.00, 'Overdue rent income - Candice Gavajena', 5, 1, '2025-09-05 09:33:36', '2025-09-05 09:33:36', NULL),
(149, 74, 51, 'debit', 80.00, 'Overdue rent receivable - Candice Gavajena', 5, 1, '2025-09-05 09:33:36', '2025-09-05 09:33:36', NULL),
(150, 74, 53, 'credit', 80.00, 'Overdue rent income - Candice Gavajena', 5, 1, '2025-09-05 09:33:36', '2025-09-05 09:33:36', NULL),
(151, 75, 51, 'debit', 80.00, 'Overdue rent receivable - Candice Gavajena', 5, 1, '2025-09-05 09:33:36', '2025-09-05 09:33:36', NULL),
(152, 75, 53, 'credit', 80.00, 'Overdue rent income - Candice Gavajena', 5, 1, '2025-09-05 09:33:36', '2025-09-05 09:33:36', NULL),
(153, 76, 51, 'debit', 100.00, 'Overdue rent receivable - Natile Forbes', 5, 1, '2025-09-05 09:33:36', '2025-09-05 09:33:36', NULL),
(154, 76, 53, 'credit', 100.00, 'Overdue rent income - Natile Forbes', 5, 1, '2025-09-05 09:33:36', '2025-09-05 09:33:36', NULL),
(155, 77, 51, 'debit', 100.00, 'Overdue rent receivable - Natile Forbes', 5, 1, '2025-09-05 09:33:36', '2025-09-05 09:33:36', NULL),
(156, 77, 53, 'credit', 100.00, 'Overdue rent income - Natile Forbes', 5, 1, '2025-09-05 09:33:36', '2025-09-05 09:33:36', NULL),
(157, 78, 51, 'debit', 100.00, 'Overdue rent receivable - Natile Forbes', 5, 1, '2025-09-05 09:33:36', '2025-09-05 09:33:36', NULL),
(158, 78, 53, 'credit', 100.00, 'Overdue rent income - Natile Forbes', 5, 1, '2025-09-05 09:33:36', '2025-09-05 09:33:36', NULL),
(159, 79, 51, 'debit', 16.00, 'Overdue rent receivable - Panashe', 5, 1, '2025-09-05 09:33:36', '2025-09-05 09:33:36', NULL),
(160, 79, 53, 'credit', 16.00, 'Overdue rent income - Panashe', 5, 1, '2025-09-05 09:33:36', '2025-09-05 09:33:36', NULL),
(161, 80, 51, 'debit', 16.00, 'Overdue rent receivable - Panashe', 5, 1, '2025-09-05 09:33:36', '2025-09-05 09:33:36', NULL),
(162, 80, 53, 'credit', 16.00, 'Overdue rent income - Panashe', 5, 1, '2025-09-05 09:33:36', '2025-09-05 09:33:36', NULL),
(163, 81, 51, 'debit', 16.00, 'Overdue rent receivable - Panashe', 5, 1, '2025-09-05 09:33:36', '2025-09-05 09:33:36', NULL),
(164, 81, 53, 'credit', 16.00, 'Overdue rent income - Panashe', 5, 1, '2025-09-05 09:33:36', '2025-09-05 09:33:36', NULL),
(165, 82, 51, 'debit', 90.00, 'Overdue rent receivable - Hope chibondwe', 5, 1, '2025-09-05 09:33:36', '2025-09-05 09:33:36', NULL),
(166, 82, 53, 'credit', 90.00, 'Overdue rent income - Hope chibondwe', 5, 1, '2025-09-05 09:33:36', '2025-09-05 09:33:36', NULL),
(167, 83, 51, 'debit', 90.00, 'Overdue rent receivable - Hope chibondwe', 5, 1, '2025-09-05 09:33:36', '2025-09-05 09:33:36', NULL),
(168, 83, 53, 'credit', 90.00, 'Overdue rent income - Hope chibondwe', 5, 1, '2025-09-05 09:33:36', '2025-09-05 09:33:36', NULL),
(169, 84, 51, 'debit', 90.00, 'Overdue rent receivable - Hope chibondwe', 5, 1, '2025-09-05 09:33:36', '2025-09-05 09:33:36', NULL),
(170, 84, 53, 'credit', 90.00, 'Overdue rent income - Hope chibondwe', 5, 1, '2025-09-05 09:33:36', '2025-09-05 09:33:36', NULL),
(171, 85, 51, 'debit', 110.00, 'Overdue rent receivable - Natilie Dhendere', 5, 1, '2025-09-05 09:33:36', '2025-09-05 09:33:36', NULL),
(172, 85, 53, 'credit', 110.00, 'Overdue rent income - Natilie Dhendere', 5, 1, '2025-09-05 09:33:36', '2025-09-05 09:33:36', NULL),
(173, 86, 51, 'debit', 110.00, 'Overdue rent receivable - Natilie Dhendere', 5, 1, '2025-09-05 09:33:36', '2025-09-05 09:33:36', NULL),
(174, 86, 53, 'credit', 110.00, 'Overdue rent income - Natilie Dhendere', 5, 1, '2025-09-05 09:33:36', '2025-09-05 09:33:36', NULL),
(175, 87, 51, 'debit', 110.00, 'Overdue rent receivable - Natilie Dhendere', 5, 1, '2025-09-05 09:33:36', '2025-09-05 09:33:36', NULL),
(176, 87, 53, 'credit', 110.00, 'Overdue rent income - Natilie Dhendere', 5, 1, '2025-09-05 09:33:36', '2025-09-05 09:33:36', NULL),
(177, 88, 51, 'debit', 150.00, 'Overdue rent receivable - Nicole Khumalo', 5, 1, '2025-09-05 09:33:36', '2025-09-05 09:33:36', NULL),
(178, 88, 53, 'credit', 150.00, 'Overdue rent income - Nicole Khumalo', 5, 1, '2025-09-05 09:33:36', '2025-09-05 09:33:36', NULL),
(179, 89, 51, 'debit', 150.00, 'Overdue rent receivable - Nicole Khumalo', 5, 1, '2025-09-05 09:33:36', '2025-09-05 09:33:36', NULL),
(180, 89, 53, 'credit', 150.00, 'Overdue rent income - Nicole Khumalo', 5, 1, '2025-09-05 09:33:36', '2025-09-05 09:33:36', NULL),
(181, 90, 51, 'debit', 150.00, 'Overdue rent receivable - Nicole Khumalo', 5, 1, '2025-09-05 09:33:36', '2025-09-05 09:33:36', NULL),
(182, 90, 53, 'credit', 150.00, 'Overdue rent income - Nicole Khumalo', 5, 1, '2025-09-05 09:33:36', '2025-09-05 09:33:36', NULL),
(183, 91, 51, 'debit', 110.00, 'Overdue rent receivable - Martha Buruyoyi', 5, 1, '2025-09-05 09:33:36', '2025-09-05 09:33:36', NULL),
(184, 91, 53, 'credit', 110.00, 'Overdue rent income - Martha Buruyoyi', 5, 1, '2025-09-05 09:33:36', '2025-09-05 09:33:36', NULL),
(185, 92, 51, 'debit', 110.00, 'Overdue rent receivable - Martha Buruyoyi', 5, 1, '2025-09-05 09:33:36', '2025-09-05 09:33:36', NULL),
(186, 92, 53, 'credit', 110.00, 'Overdue rent income - Martha Buruyoyi', 5, 1, '2025-09-05 09:33:36', '2025-09-05 09:33:36', NULL),
(187, 93, 51, 'debit', 110.00, 'Overdue rent receivable - Martha Buruyoyi', 5, 1, '2025-09-05 09:33:36', '2025-09-05 09:33:36', NULL),
(188, 93, 53, 'credit', 110.00, 'Overdue rent income - Martha Buruyoyi', 5, 1, '2025-09-05 09:33:36', '2025-09-05 09:33:36', NULL),
(189, 94, 51, 'debit', 110.00, 'Overdue rent receivable - Chido Dambeni', 5, 1, '2025-09-05 09:33:36', '2025-09-05 09:33:36', NULL),
(190, 94, 53, 'credit', 110.00, 'Overdue rent income - Chido Dambeni', 5, 1, '2025-09-05 09:33:36', '2025-09-05 09:33:36', NULL),
(191, 95, 51, 'debit', 110.00, 'Overdue rent receivable - Chido Dambeni', 5, 1, '2025-09-05 09:33:36', '2025-09-05 09:33:36', NULL),
(192, 95, 53, 'credit', 110.00, 'Overdue rent income - Chido Dambeni', 5, 1, '2025-09-05 09:33:36', '2025-09-05 09:33:36', NULL),
(193, 96, 51, 'debit', 110.00, 'Overdue rent receivable - Chido Dambeni', 5, 1, '2025-09-05 09:33:36', '2025-09-05 09:33:36', NULL),
(194, 96, 53, 'credit', 110.00, 'Overdue rent income - Chido Dambeni', 5, 1, '2025-09-05 09:33:36', '2025-09-05 09:33:36', NULL),
(195, 97, 51, 'debit', 150.00, 'Overdue rent receivable - Bridget Mugodi', 5, 1, '2025-09-05 09:33:36', '2025-09-05 09:33:36', NULL),
(196, 97, 53, 'credit', 150.00, 'Overdue rent income - Bridget Mugodi', 5, 1, '2025-09-05 09:33:36', '2025-09-05 09:33:36', NULL),
(197, 98, 51, 'debit', 150.00, 'Overdue rent receivable - Bridget Mugodi', 5, 1, '2025-09-05 09:33:36', '2025-09-05 09:33:36', NULL),
(198, 98, 53, 'credit', 150.00, 'Overdue rent income - Bridget Mugodi', 5, 1, '2025-09-05 09:33:36', '2025-09-05 09:33:36', NULL),
(199, 99, 51, 'debit', 150.00, 'Overdue rent receivable - Bridget Mugodi', 5, 1, '2025-09-05 09:33:36', '2025-09-05 09:33:36', NULL),
(200, 99, 53, 'credit', 150.00, 'Overdue rent income - Bridget Mugodi', 5, 1, '2025-09-05 09:33:36', '2025-09-05 09:33:36', NULL),
(201, 100, 51, 'debit', 90.00, 'Overdue rent receivable - Tanisha Muziwanhanga', 5, 1, '2025-09-05 09:33:36', '2025-09-05 09:33:36', NULL),
(202, 100, 53, 'credit', 90.00, 'Overdue rent income - Tanisha Muziwanhanga', 5, 1, '2025-09-05 09:33:36', '2025-09-05 09:33:36', NULL);

INSERT INTO `journal_entries` (`id`, `transaction_id`, `account_id`, `entry_type`, `amount`, `description`, `boarding_house_id`, `created_by`, `created_at`, `updated_at`, `deleted_at`) VALUES
(203, 101, 51, 'debit', 90.00, 'Overdue rent receivable - Tanisha Muziwanhanga', 5, 1, '2025-09-05 09:33:36', '2025-09-05 09:33:36', NULL),
(204, 101, 53, 'credit', 90.00, 'Overdue rent income - Tanisha Muziwanhanga', 5, 1, '2025-09-05 09:33:36', '2025-09-05 09:33:36', NULL),
(205, 102, 51, 'debit', 90.00, 'Overdue rent receivable - Tanisha Muziwanhanga', 5, 1, '2025-09-05 09:33:36', '2025-09-05 09:33:36', NULL),
(206, 102, 53, 'credit', 90.00, 'Overdue rent income - Tanisha Muziwanhanga', 5, 1, '2025-09-05 09:33:36', '2025-09-05 09:33:36', NULL),
(207, 103, 51, 'debit', 110.00, 'Overdue rent receivable - Joyce Ndlovu', 5, 1, '2025-09-05 09:33:36', '2025-09-05 09:33:36', NULL),
(208, 103, 53, 'credit', 110.00, 'Overdue rent income - Joyce Ndlovu', 5, 1, '2025-09-05 09:33:36', '2025-09-05 09:33:36', NULL),
(209, 104, 51, 'debit', 110.00, 'Overdue rent receivable - Joyce Ndlovu', 5, 1, '2025-09-05 09:33:36', '2025-09-05 09:33:36', NULL),
(210, 104, 53, 'credit', 110.00, 'Overdue rent income - Joyce Ndlovu', 5, 1, '2025-09-05 09:33:36', '2025-09-05 09:33:36', NULL),
(211, 105, 51, 'debit', 110.00, 'Overdue rent receivable - Joyce Ndlovu', 5, 1, '2025-09-05 09:33:36', '2025-09-05 09:33:36', NULL),
(212, 105, 53, 'credit', 110.00, 'Overdue rent income - Joyce Ndlovu', 5, 1, '2025-09-05 09:33:36', '2025-09-05 09:33:36', NULL),
(213, 106, 51, 'debit', 80.00, 'Overdue rent receivable - Rejoice Chikwava', 5, 1, '2025-09-05 09:33:36', '2025-09-05 09:33:36', NULL),
(214, 106, 53, 'credit', 80.00, 'Overdue rent income - Rejoice Chikwava', 5, 1, '2025-09-05 09:33:36', '2025-09-05 09:33:36', NULL),
(215, 107, 51, 'debit', 80.00, 'Overdue rent receivable - Rejoice Chikwava', 5, 1, '2025-09-05 09:33:36', '2025-09-05 09:33:36', NULL),
(216, 107, 53, 'credit', 80.00, 'Overdue rent income - Rejoice Chikwava', 5, 1, '2025-09-05 09:33:36', '2025-09-05 09:33:36', NULL),
(217, 108, 51, 'debit', 80.00, 'Overdue rent receivable - Rejoice Chikwava', 5, 1, '2025-09-05 09:33:36', '2025-09-05 09:33:36', NULL),
(218, 108, 53, 'credit', 80.00, 'Overdue rent income - Rejoice Chikwava', 5, 1, '2025-09-05 09:33:36', '2025-09-05 09:33:36', NULL),
(219, 109, 51, 'debit', 90.00, 'Overdue rent receivable - Panashe Gutuza', 5, 1, '2025-09-05 09:33:36', '2025-09-05 09:33:36', NULL),
(220, 109, 53, 'credit', 90.00, 'Overdue rent income - Panashe Gutuza', 5, 1, '2025-09-05 09:33:36', '2025-09-05 09:33:36', NULL),
(221, 110, 51, 'debit', 90.00, 'Overdue rent receivable - Panashe Gutuza', 5, 1, '2025-09-05 09:33:36', '2025-09-05 09:33:36', NULL),
(222, 110, 53, 'credit', 90.00, 'Overdue rent income - Panashe Gutuza', 5, 1, '2025-09-05 09:33:36', '2025-09-05 09:33:36', NULL),
(223, 111, 51, 'debit', 90.00, 'Overdue rent receivable - Panashe Gutuza', 5, 1, '2025-09-05 09:33:36', '2025-09-05 09:33:36', NULL),
(224, 111, 53, 'credit', 90.00, 'Overdue rent income - Panashe Gutuza', 5, 1, '2025-09-05 09:33:36', '2025-09-05 09:33:36', NULL),
(225, 112, 51, 'debit', 110.00, 'Overdue rent receivable - Glander Makambe', 5, 1, '2025-09-05 09:33:36', '2025-09-05 09:33:36', NULL),
(226, 112, 53, 'credit', 110.00, 'Overdue rent income - Glander Makambe', 5, 1, '2025-09-05 09:33:36', '2025-09-05 09:33:36', NULL),
(227, 113, 51, 'debit', 110.00, 'Overdue rent receivable - Glander Makambe', 5, 1, '2025-09-05 09:33:36', '2025-09-05 09:33:36', NULL),
(228, 113, 53, 'credit', 110.00, 'Overdue rent income - Glander Makambe', 5, 1, '2025-09-05 09:33:36', '2025-09-05 09:33:36', NULL),
(229, 114, 51, 'debit', 110.00, 'Overdue rent receivable - Glander Makambe', 5, 1, '2025-09-05 09:33:36', '2025-09-05 09:33:36', NULL),
(230, 114, 53, 'credit', 110.00, 'Overdue rent income - Glander Makambe', 5, 1, '2025-09-05 09:33:36', '2025-09-05 09:33:36', NULL),
(231, 115, 51, 'debit', 80.00, 'Overdue rent receivable - Zvikomberero Gwatidza', 5, 1, '2025-09-05 09:33:36', '2025-09-05 09:33:36', NULL),
(232, 115, 53, 'credit', 80.00, 'Overdue rent income - Zvikomberero Gwatidza', 5, 1, '2025-09-05 09:33:36', '2025-09-05 09:33:36', NULL),
(233, 116, 51, 'debit', 80.00, 'Overdue rent receivable - Zvikomberero Gwatidza', 5, 1, '2025-09-05 09:33:36', '2025-09-05 09:33:36', NULL),
(234, 116, 53, 'credit', 80.00, 'Overdue rent income - Zvikomberero Gwatidza', 5, 1, '2025-09-05 09:33:36', '2025-09-05 09:33:36', NULL),
(235, 117, 51, 'debit', 80.00, 'Overdue rent receivable - Zvikomberero Gwatidza', 5, 1, '2025-09-05 09:33:36', '2025-09-05 09:33:36', NULL),
(236, 117, 53, 'credit', 80.00, 'Overdue rent income - Zvikomberero Gwatidza', 5, 1, '2025-09-05 09:33:36', '2025-09-05 09:33:36', NULL),
(237, 118, 51, 'debit', 50.00, 'Overdue rent receivable - Bella Maramba', 5, 1, '2025-09-05 09:33:36', '2025-09-05 09:33:36', NULL),
(238, 118, 53, 'credit', 50.00, 'Overdue rent income - Bella Maramba', 5, 1, '2025-09-05 09:33:36', '2025-09-05 09:33:36', NULL),
(239, 119, 51, 'debit', 50.00, 'Overdue rent receivable - Bella Maramba', 5, 1, '2025-09-05 09:33:36', '2025-09-05 09:33:36', NULL),
(240, 119, 53, 'credit', 50.00, 'Overdue rent income - Bella Maramba', 5, 1, '2025-09-05 09:33:36', '2025-09-05 09:33:36', NULL),
(241, 120, 51, 'debit', 50.00, 'Overdue rent receivable - Bella Maramba', 5, 1, '2025-09-05 09:33:36', '2025-09-05 09:33:36', NULL),
(242, 120, 53, 'credit', 50.00, 'Overdue rent income - Bella Maramba', 5, 1, '2025-09-05 09:33:36', '2025-09-05 09:33:36', NULL),
(243, 121, 51, 'debit', 80.00, 'Overdue rent receivable - Anita Gavajena', 5, 1, '2025-09-05 09:33:36', '2025-09-05 09:33:36', NULL),
(244, 121, 53, 'credit', 80.00, 'Overdue rent income - Anita Gavajena', 5, 1, '2025-09-05 09:33:36', '2025-09-05 09:33:36', NULL),
(245, 122, 51, 'debit', 80.00, 'Overdue rent receivable - Anita Gavajena', 5, 1, '2025-09-05 09:33:36', '2025-09-05 09:33:36', NULL),
(246, 122, 53, 'credit', 80.00, 'Overdue rent income - Anita Gavajena', 5, 1, '2025-09-05 09:33:36', '2025-09-05 09:33:36', NULL),
(247, 123, 51, 'debit', 80.00, 'Overdue rent receivable - Anita Gavajena', 5, 1, '2025-09-05 09:33:36', '2025-09-05 09:33:36', NULL),
(248, 123, 53, 'credit', 80.00, 'Overdue rent income - Anita Gavajena', 5, 1, '2025-09-05 09:33:36', '2025-09-05 09:33:36', NULL),
(249, 124, 51, 'debit', 110.00, 'Overdue rent receivable - Panashe Shaya', 5, 1, '2025-09-05 09:33:36', '2025-09-05 09:33:36', NULL),
(250, 124, 53, 'credit', 110.00, 'Overdue rent income - Panashe Shaya', 5, 1, '2025-09-05 09:33:36', '2025-09-05 09:33:36', NULL),
(251, 125, 51, 'debit', 110.00, 'Overdue rent receivable - Panashe Shaya', 5, 1, '2025-09-05 09:33:36', '2025-09-05 09:33:36', NULL),
(252, 125, 53, 'credit', 110.00, 'Overdue rent income - Panashe Shaya', 5, 1, '2025-09-05 09:33:36', '2025-09-05 09:33:36', NULL),
(253, 126, 51, 'debit', 110.00, 'Overdue rent receivable - Panashe Shaya', 5, 1, '2025-09-05 09:33:36', '2025-09-05 09:33:36', NULL),
(254, 126, 53, 'credit', 110.00, 'Overdue rent income - Panashe Shaya', 5, 1, '2025-09-05 09:33:36', '2025-09-05 09:33:36', NULL),
(255, 127, 51, 'debit', 80.00, 'Overdue rent receivable - Tanataswa Gavajena', 5, 1, '2025-09-05 09:33:36', '2025-09-05 09:33:36', NULL),
(256, 127, 53, 'credit', 80.00, 'Overdue rent income - Tanataswa Gavajena', 5, 1, '2025-09-05 09:33:36', '2025-09-05 09:33:36', NULL),
(257, 128, 51, 'debit', 80.00, 'Overdue rent receivable - Tanataswa Gavajena', 5, 1, '2025-09-05 09:33:36', '2025-09-05 09:33:36', NULL),
(258, 128, 53, 'credit', 80.00, 'Overdue rent income - Tanataswa Gavajena', 5, 1, '2025-09-05 09:33:36', '2025-09-05 09:33:36', NULL),
(259, 129, 51, 'debit', 80.00, 'Overdue rent receivable - Tanataswa Gavajena', 5, 1, '2025-09-05 09:33:36', '2025-09-05 09:33:36', NULL),
(260, 129, 53, 'credit', 80.00, 'Overdue rent income - Tanataswa Gavajena', 5, 1, '2025-09-05 09:33:36', '2025-09-05 09:33:36', NULL),
(261, 130, 51, 'debit', 110.00, 'Overdue rent receivable - Sandra Nyakura', 5, 1, '2025-09-05 09:33:36', '2025-09-05 09:33:36', NULL),
(262, 130, 53, 'credit', 110.00, 'Overdue rent income - Sandra Nyakura', 5, 1, '2025-09-05 09:33:36', '2025-09-05 09:33:36', NULL),
(263, 131, 51, 'debit', 110.00, 'Overdue rent receivable - Sandra Nyakura', 5, 1, '2025-09-05 09:33:36', '2025-09-05 09:33:36', NULL),
(264, 131, 53, 'credit', 110.00, 'Overdue rent income - Sandra Nyakura', 5, 1, '2025-09-05 09:33:36', '2025-09-05 09:33:36', NULL),
(265, 132, 51, 'debit', 110.00, 'Overdue rent receivable - Sandra Nyakura', 5, 1, '2025-09-05 09:33:36', '2025-09-05 09:33:36', NULL),
(266, 132, 53, 'credit', 110.00, 'Overdue rent income - Sandra Nyakura', 5, 1, '2025-09-05 09:33:36', '2025-09-05 09:33:36', NULL),
(267, 133, 51, 'debit', 100.00, 'Overdue rent receivable - Mugove Bumbira', 5, 1, '2025-09-05 09:33:36', '2025-09-05 09:33:36', NULL),
(268, 133, 53, 'credit', 100.00, 'Overdue rent income - Mugove Bumbira', 5, 1, '2025-09-05 09:33:36', '2025-09-05 09:33:36', NULL),
(269, 134, 51, 'debit', 100.00, 'Overdue rent receivable - Mugove Bumbira', 5, 1, '2025-09-05 09:33:36', '2025-09-05 09:33:36', NULL),
(270, 134, 53, 'credit', 100.00, 'Overdue rent income - Mugove Bumbira', 5, 1, '2025-09-05 09:33:36', '2025-09-05 09:33:36', NULL),
(271, 135, 51, 'debit', 100.00, 'Overdue rent receivable - Mugove Bumbira', 5, 1, '2025-09-05 09:33:36', '2025-09-05 09:33:36', NULL),
(272, 135, 53, 'credit', 100.00, 'Overdue rent income - Mugove Bumbira', 5, 1, '2025-09-05 09:33:36', '2025-09-05 09:33:36', NULL),
(273, 136, 51, 'debit', 80.00, 'Overdue rent receivable - Geraldine Mumba', 5, 1, '2025-09-05 09:33:36', '2025-09-05 09:33:36', NULL),
(274, 136, 53, 'credit', 80.00, 'Overdue rent income - Geraldine Mumba', 5, 1, '2025-09-05 09:33:36', '2025-09-05 09:33:36', NULL),
(275, 137, 51, 'debit', 80.00, 'Overdue rent receivable - Geraldine Mumba', 5, 1, '2025-09-05 09:33:36', '2025-09-05 09:33:36', NULL),
(276, 137, 53, 'credit', 80.00, 'Overdue rent income - Geraldine Mumba', 5, 1, '2025-09-05 09:33:36', '2025-09-05 09:33:36', NULL),
(277, 138, 51, 'debit', 80.00, 'Overdue rent receivable - Geraldine Mumba', 5, 1, '2025-09-05 09:33:36', '2025-09-05 09:33:36', NULL),
(278, 138, 53, 'credit', 80.00, 'Overdue rent income - Geraldine Mumba', 5, 1, '2025-09-05 09:33:36', '2025-09-05 09:33:36', NULL),
(281, 140, 47, 'debit', 1960.00, 'Student payment - Debit Petty Cash', 4, 1, '2025-08-19 22:00:00', '2025-09-05 10:02:39', NULL),
(282, 140, 53, 'credit', 1960.00, 'Student payment - Credit Student Revenue', 4, 1, '2025-08-19 22:00:00', '2025-09-05 10:02:39', NULL),
(283, 141, 47, 'debit', 2381.00, 'Student payment - Debit Petty Cash', 5, 1, '2025-08-19 22:00:00', '2025-09-05 10:02:39', NULL),
(284, 141, 53, 'credit', 2381.00, 'Student payment - Credit Student Revenue', 5, 1, '2025-08-19 22:00:00', '2025-09-05 10:02:39', NULL),
(285, 142, 47, 'debit', 3.00, 'Petty Cash Addition: Balance c/d august', 5, 1, '2025-09-07 18:45:17', '2025-09-07 18:45:17', NULL),
(286, 142, 48, 'credit', 3.00, 'Petty Cash Addition from Cash', 5, 1, '2025-09-07 18:45:17', '2025-09-07 18:45:17', NULL),
(287, 143, 47, 'debit', 70.00, 'Petty Cash Addition: Petty cash replinishment', 5, 1, '2025-09-07 18:46:15', '2025-09-07 18:46:15', NULL),
(288, 143, 48, 'credit', 70.00, 'Petty Cash Addition from Cash', 5, 1, '2025-09-07 18:46:15', '2025-09-07 18:46:15', NULL),
(289, 144, 64, 'debit', 20.00, 'House-keeping - Expense', 5, 1, '2025-09-07 18:47:26', '2025-09-07 18:47:26', NULL),
(290, 144, 47, 'credit', 20.00, 'House-keeping - Payment', 5, 1, '2025-09-07 18:47:26', '2025-09-07 18:47:26', NULL),
(291, 145, 64, 'debit', 49.00, 'Cleaning supplies - Expense', 5, 1, '2025-09-07 18:49:20', '2025-09-07 18:49:20', NULL),
(292, 145, 47, 'credit', 49.00, 'Cleaning supplies - Payment', 5, 1, '2025-09-07 18:49:20', '2025-09-07 18:49:20', NULL),
(293, 146, 47, 'debit', 170.00, 'Petty Cash Addition: PETTY CASH REPLENISHMENT', 5, 1, '2025-09-07 18:50:33', '2025-09-07 18:50:33', NULL),
(294, 146, 48, 'credit', 170.00, 'Petty Cash Addition from Cash', 5, 1, '2025-09-07 18:50:33', '2025-09-07 18:50:33', NULL),
(295, 147, 55, 'debit', 169.00, 'Modern relocation - Expense', 5, 1, '2025-09-07 18:51:54', '2025-09-07 18:51:54', NULL),
(296, 147, 47, 'credit', 169.00, 'Modern relocation - Payment', 5, 1, '2025-09-07 18:51:54', '2025-09-07 18:51:54', NULL),
(297, 148, 47, 'debit', 120.00, 'Petty Cash Addition: Petty Cash', 5, 1, '2025-09-07 18:52:19', '2025-09-07 18:52:19', NULL),
(298, 148, 48, 'credit', 120.00, 'Petty Cash Addition from Cash', 5, 1, '2025-09-07 18:52:19', '2025-09-07 18:52:19', NULL),
(299, 149, 61, 'debit', 90.00, 'Gas - Expense', 5, 1, '2025-09-07 19:03:09', '2025-09-07 19:03:09', NULL),
(300, 149, 47, 'credit', 90.00, 'Gas - Payment', 5, 1, '2025-09-07 19:03:09', '2025-09-07 19:03:09', NULL),
(301, 150, 64, 'debit', 30.00, 'Neighbourhood watch - Expense', 5, 1, '2025-09-07 19:07:46', '2025-09-07 19:07:46', NULL),
(302, 150, 47, 'credit', 30.00, 'Neighbourhood watch - Payment', 5, 1, '2025-09-07 19:07:46', '2025-09-07 19:07:46', NULL),
(303, 151, 47, 'debit', 346.00, 'Petty Cash Addition: Rental submitted', 5, 1, '2025-09-07 19:09:31', '2025-09-07 19:09:31', NULL),
(304, 151, 48, 'credit', 346.00, 'Petty Cash Addition from Cash', 5, 1, '2025-09-07 19:09:31', '2025-09-07 19:09:31', NULL);

INSERT INTO `journal_entries` (`id`, `transaction_id`, `account_id`, `entry_type`, `amount`, `description`, `boarding_house_id`, `created_by`, `created_at`, `updated_at`, `deleted_at`) VALUES
(305, 152, 48, 'debit', 346.00, 'Petty Cash Withdrawal to Cash', 5, 1, '2025-09-07 19:11:39', '2025-09-07 19:11:39', NULL),
(306, 152, 47, 'credit', 346.00, 'Petty Cash Withdrawal: Rental submitted', 5, 1, '2025-09-07 19:11:39', '2025-09-07 19:11:39', NULL),
(307, 153, 48, 'debit', 346.00, 'Petty Cash Withdrawal to Cash', 5, 1, '2025-09-07 19:12:51', '2025-09-07 19:12:51', NULL),
(308, 153, 47, 'credit', 346.00, 'Petty Cash Withdrawal: Rental submitted', 5, 1, '2025-09-07 19:12:51', '2025-09-07 19:12:51', NULL),
(309, 154, 48, 'debit', 1130.00, 'Petty Cash Withdrawal to Cash', 5, 1, '2025-09-07 19:13:46', '2025-09-07 19:13:46', NULL),
(310, 154, 47, 'credit', 1130.00, 'Petty Cash Withdrawal:  Rental submitted ', 5, 1, '2025-09-07 19:13:46', '2025-09-07 19:13:46', NULL),
(311, 155, 48, 'debit', 200.00, 'Petty Cash Withdrawal to Cash', 5, 1, '2025-09-07 19:14:27', '2025-09-07 19:14:27', NULL),
(312, 155, 47, 'credit', 200.00, 'Petty Cash Withdrawal: Rental submitted', 5, 1, '2025-09-07 19:14:27', '2025-09-07 19:14:27', NULL),
(313, 156, 47, 'debit', 17.00, 'Petty Cash Addition: Petty Cash', 5, 1, '2025-09-07 19:14:46', '2025-09-07 19:14:46', NULL),
(314, 156, 48, 'credit', 17.00, 'Petty Cash Addition from Cash', 5, 1, '2025-09-07 19:14:46', '2025-09-07 19:14:46', NULL),
(315, 157, 66, 'debit', 500.00, 'Alamait management fee - Expense', 5, 1, '2025-09-07 19:21:49', '2025-09-07 19:21:49', NULL),
(316, 157, 48, 'credit', 500.00, 'Alamait management fee - Payment', 5, 1, '2025-09-07 19:21:49', '2025-09-07 19:21:49', NULL),
(317, 158, 58, 'debit', 250.00, 'water refill - Expense', 4, 1, '2025-10-02 07:03:43', '2025-10-02 07:03:43', NULL),
(318, 158, 47, 'credit', 250.00, 'water refill - Payment', 4, 1, '2025-10-02 07:03:43', '2025-10-02 07:03:43', NULL),
(319, 160, 51, 'debit', 20.00, 'Admin fee receivable - Student 44', 6, 1, '2025-10-08 08:16:08', '2025-10-08 08:16:08', NULL),
(320, 160, 53, 'credit', 20.00, 'Admin fee income - Student 44', 6, 1, '2025-10-08 08:16:08', '2025-10-08 08:16:08', NULL),
(323, 162, 48, 'debit', 130.00, 'monthly rent payment - Debit Cash', 6, 1, '2025-10-08 08:41:13', '2025-10-08 08:41:13', NULL),
(324, 162, 53, 'credit', 130.00, 'monthly rent payment - Credit Rentals Income', 6, 1, '2025-10-08 08:41:13', '2025-10-08 08:41:13', NULL),
(325, 163, 47, 'debit', 130.00, 'monthly rent payment - Debit Petty Cash', 4, 1, '2025-10-08 08:49:47', '2025-10-08 08:49:47', NULL),
(326, 163, 53, 'credit', 130.00, 'monthly rent payment - Credit Rentals Income', 4, 1, '2025-10-08 08:49:47', '2025-10-08 08:49:47', NULL),
(327, 164, 51, 'debit', 20.00, 'Admin fee receivable - Student 45', 4, 1, '2025-10-08 09:11:44', '2025-10-08 09:11:44', NULL),
(328, 164, 53, 'credit', 20.00, 'Admin fee income - Student 45', 4, 1, '2025-10-08 09:11:44', '2025-10-08 09:11:44', NULL),
(329, 165, 51, 'debit', 20.00, 'Admin fee receivable - Student 46', 4, 1, '2025-10-08 09:16:41', '2025-10-08 09:16:41', NULL),
(330, 165, 53, 'credit', 20.00, 'Admin fee income - Student 46', 4, 1, '2025-10-08 09:16:41', '2025-10-08 09:16:41', NULL),
(331, 166, 51, 'debit', 20.00, 'Admin fee receivable - Student 47', 4, 1, '2025-10-08 09:26:49', '2025-10-08 09:26:49', NULL),
(332, 166, 53, 'credit', 20.00, 'Admin fee income - Student 47', 4, 1, '2025-10-08 09:26:49', '2025-10-08 09:26:49', NULL),
(333, 167, 51, 'debit', 20.00, 'Admin fee receivable - Student 52', 4, 1, '2025-10-08 14:55:41', '2025-10-08 14:55:41', NULL),
(334, 167, 53, 'credit', 20.00, 'Admin fee income - Student 52', 4, 1, '2025-10-08 14:55:41', '2025-10-08 14:55:41', NULL),
(335, 168, 51, 'debit', 210.00, 'Initial invoice - Debit Accounts Receivable', 4, 1, '2025-10-08 14:55:41', '2025-10-08 14:55:41', NULL),
(336, 168, 53, 'credit', 210.00, 'Initial invoice - Credit Rentals Income', 4, 1, '2025-10-08 14:55:41', '2025-10-08 14:55:41', NULL),
(339, 170, 51, 'debit', 180.00, 'Initial invoice - Debit Accounts Receivable', 4, 1, '2025-10-08 15:47:06', '2025-10-08 15:47:06', NULL),
(340, 170, 53, 'credit', 180.00, 'Initial invoice - Credit Rentals Income', 4, 1, '2025-10-08 15:47:06', '2025-10-08 15:47:06', NULL),
(341, 171, 47, 'debit', 120.00, 'monthly rent payment - Debit Petty Cash', 4, 1, '2025-10-08 15:48:32', '2025-10-08 15:48:32', NULL),
(342, 171, 53, 'credit', 120.00, 'monthly rent payment - Credit Rentals Income', 4, 1, '2025-10-08 15:48:32', '2025-10-08 15:48:32', NULL),
(343, 172, 48, 'debit', 19.99, 'monthly rent payment - Debit Cash', 4, 1, '2025-10-08 15:54:05', '2025-10-08 15:54:05', NULL),
(344, 172, 53, 'credit', 19.99, 'monthly rent payment - Credit Rentals Income', 4, 1, '2025-10-08 15:54:05', '2025-10-08 15:54:05', NULL),
(345, 173, 48, 'debit', 10.00, 'monthly rent payment - Debit Cash', 4, 1, '2025-10-08 15:59:05', '2025-10-08 15:59:05', NULL),
(346, 173, 53, 'credit', 10.00, 'monthly rent payment - Credit Rentals Income', 4, 1, '2025-10-08 15:59:05', '2025-10-08 15:59:05', NULL),
(347, 174, 48, 'debit', 40.00, 'monthly rent payment - Debit Cash', 4, 1, '2025-10-08 16:03:28', '2025-10-08 16:03:28', NULL),
(348, 174, 51, 'credit', 40.00, 'monthly rent payment - Credit Accounts Receivable', 4, 1, '2025-10-08 16:03:28', '2025-10-08 16:03:28', NULL),
(349, 175, 48, 'debit', 20.00, 'monthly rent payment - Debit Cash', 4, 1, '2025-10-08 16:09:24', '2025-10-08 16:09:24', NULL),
(350, 175, 51, 'credit', 20.00, 'monthly rent payment - Credit Accounts Receivable', 4, 1, '2025-10-08 16:09:24', '2025-10-08 16:09:24', NULL),
(351, 176, 51, 'debit', 180.00, 'Initial invoice - Debit Accounts Receivable', 4, 1, '2025-10-09 10:21:28', '2025-10-09 10:21:28', NULL),
(352, 176, 53, 'credit', 180.00, 'Initial invoice - Credit Rentals Income', 4, 1, '2025-10-09 10:21:28', '2025-10-09 10:21:28', NULL),
(353, 177, 47, 'debit', 160.00, 'monthly rent payment - Debit Petty Cash', 4, 1, '2025-10-09 10:24:28', '2025-10-09 10:24:28', NULL),
(354, 177, 51, 'credit', 160.00, 'monthly rent payment - Credit Accounts Receivable', 4, 1, '2025-10-09 10:24:28', '2025-10-09 10:24:28', NULL),
(355, 178, 51, 'debit', 180.00, 'Initial invoice - Debit Accounts Receivable', 4, 1, '2025-10-09 11:32:28', '2025-10-09 11:32:28', NULL),
(356, 178, 53, 'credit', 180.00, 'Initial invoice - Credit Rentals Income', 4, 1, '2025-10-09 11:32:28', '2025-10-09 11:32:28', NULL),
(357, 179, 47, 'debit', 120.00, 'monthly rent payment - Debit Petty Cash', 4, 1, '2025-10-09 11:35:38', '2025-10-09 11:35:38', NULL),
(358, 179, 51, 'credit', 120.00, 'monthly rent payment - Credit Accounts Receivable', 4, 1, '2025-10-09 11:35:38', '2025-10-09 11:35:38', NULL),
(365, 184, 47, 'debit', 200.00, 'Petty Cash - Branch Payment 5', 4, 2, '2025-10-12 14:24:24', '2025-10-12 14:24:24', NULL),
(366, 184, 51, 'credit', 200.00, 'Accounts Receivable - Branch Payment 5', 4, 2, '2025-10-12 14:24:24', '2025-10-12 14:24:24', NULL),
(373, 188, 47, 'debit', 200.00, 'Petty Cash - Branch Payment 9', 5, 2, '2025-10-12 14:56:53', '2025-10-12 14:56:53', NULL),
(374, 188, 51, 'credit', 200.00, 'Accounts Receivable - Branch Payment 9', 5, 2, '2025-10-12 14:56:53', '2025-10-12 14:56:53', NULL),
(375, 189, 47, 'debit', 100.00, 'Petty Cash - Branch Payment 10', 5, 2, '2025-10-12 15:17:58', '2025-10-12 15:17:58', NULL),
(376, 189, 51, 'credit', 100.00, 'Accounts Receivable - Branch Payment 10', 5, 2, '2025-10-12 15:17:58', '2025-10-12 15:17:58', NULL),
(377, 190, 47, 'debit', 100.00, 'Petty Cash - Branch Payment 11', 5, 2, '2025-10-12 15:22:50', '2025-10-12 15:22:50', NULL),
(378, 190, 51, 'credit', 100.00, 'Accounts Receivable - Branch Payment 11', 5, 2, '2025-10-12 15:22:50', '2025-10-12 15:22:50', NULL),
(379, 191, 47, 'debit', 300.00, 'Petty Cash - Branch Payment 12', 5, 2, '2025-10-12 15:27:14', '2025-10-12 15:27:14', NULL),
(380, 191, 51, 'credit', 300.00, 'Accounts Receivable - Branch Payment 12', 5, 2, '2025-10-12 15:27:14', '2025-10-12 15:27:14', NULL),
(381, 192, 56, 'debit', 200.00, 'Expenditure Request: water request', 4, 2, '2025-10-12 17:02:38', '2025-10-12 17:02:38', NULL),
(382, 192, 47, 'credit', 200.00, 'Payment for: water request', 4, 2, '2025-10-12 17:02:38', '2025-10-12 17:02:38', NULL),
(383, 194, 47, 'debit', 300.00, 'Petty Cash Addition: cash replenish for budget', 1, 1, '2025-10-14 07:55:05', '2025-10-14 07:55:05', NULL),
(384, 194, 48, 'credit', 300.00, 'Petty Cash Addition from Cash', 1, 1, '2025-10-14 07:55:05', '2025-10-14 07:55:05', NULL),
(385, 195, 47, 'debit', 300.00, 'Petty Cash Addition: test', 1, 1, '2025-10-14 07:57:54', '2025-10-14 07:57:54', NULL),
(386, 195, 48, 'credit', 300.00, 'Petty Cash Addition from Cash', 1, 1, '2025-10-14 07:57:54', '2025-10-14 07:57:54', NULL),
(387, 196, 47, 'debit', 300.00, 'Petty Cash Addition: test', 1, 1, '2025-10-14 08:02:38', '2025-10-14 08:02:38', NULL),
(388, 196, 48, 'credit', 300.00, 'Petty Cash Addition from Cash', 1, 1, '2025-10-14 08:02:38', '2025-10-14 08:02:38', NULL),
(389, 199, 47, 'debit', 100.00, 'Petty Cash Addition: test', 1, 1, '2025-10-14 08:21:28', '2025-10-14 08:21:28', NULL),
(390, 199, 48, 'credit', 100.00, 'Petty Cash Addition from Cash', 1, 1, '2025-10-14 08:21:28', '2025-10-14 08:21:28', NULL),
(391, 200, 47, 'debit', 200.00, 'Petty Cash Addition: test', 1, 1, '2025-10-14 08:24:34', '2025-10-14 08:24:34', NULL),
(392, 200, 48, 'credit', 200.00, 'Petty Cash Addition from Cash', 1, 1, '2025-10-14 08:24:34', '2025-10-14 08:24:34', NULL),
(393, 201, 48, 'debit', 500.00, 'Petty Cash Withdrawal to Cash', 1, 1, '2025-10-14 08:35:40', '2025-10-14 08:35:40', NULL),
(394, 201, 47, 'credit', 500.00, 'Petty Cash Withdrawal: submit', 1, 1, '2025-10-14 08:35:40', '2025-10-14 08:35:40', NULL),
(395, 202, 47, 'debit', 200.00, 'Petty Cash Addition: test', 1, 1, '2025-10-14 08:54:16', '2025-10-14 08:54:16', NULL),
(396, 202, 48, 'credit', 200.00, 'Petty Cash Addition from Cash', 1, 1, '2025-10-14 08:54:16', '2025-10-14 08:54:16', NULL),
(397, 204, 82, 'debit', 100.00, 'test', 4, 1, '2025-10-14 10:00:57', '2025-10-14 10:00:57', NULL),
(398, 204, 52, 'credit', 100.00, 'test', 4, 1, '2025-10-14 10:00:57', '2025-10-14 10:00:57', NULL),
(404, 208, 48, 'credit', 100.00, 'Payment for test', 4, 1, '2025-10-14 13:20:38', '2025-10-14 13:20:38', NULL),
(405, 209, 52, 'debit', 100.00, 'Payment for test', 4, 1, '2025-10-14 13:21:26', '2025-10-14 13:21:26', NULL),
(406, 209, 48, 'credit', 100.00, 'Payment for test', 4, 1, '2025-10-14 13:21:26', '2025-10-14 13:21:26', NULL),
(407, 210, 51, 'debit', 160.00, 'Initial invoice - Debit Accounts Receivable', 4, 1, '2025-10-20 08:45:36', '2025-10-20 08:45:36', NULL),
(408, 210, 53, 'credit', 160.00, 'Initial invoice - Credit Rentals Income', 4, 1, '2025-10-20 08:45:36', '2025-10-20 08:45:36', NULL),
(409, 211, 51, 'debit', 20.00, 'Admin fee receivable - Student 60', 4, 1, '2025-10-20 08:48:12', '2025-10-20 08:48:12', NULL),
(410, 211, 53, 'credit', 20.00, 'Admin fee income - Student 60', 4, 1, '2025-10-20 08:48:12', '2025-10-20 08:48:12', NULL),
(411, 212, 51, 'debit', 210.00, 'Initial invoice - Debit Accounts Receivable', 4, 1, '2025-10-20 08:48:12', '2025-10-20 08:48:12', NULL),
(412, 212, 53, 'credit', 210.00, 'Initial invoice - Credit Rentals Income', 4, 1, '2025-10-20 08:48:12', '2025-10-20 08:48:12', NULL),
(413, 213, 57, 'debit', 200.00, 'Expenditure Request: Electricity', 4, 2, '2025-10-21 22:48:48', '2025-10-21 22:48:48', NULL),
(414, 213, 47, 'credit', 200.00, 'Payment for: Electricity', 4, 2, '2025-10-21 22:48:48', '2025-10-21 22:48:48', NULL),
(415, 214, 64, 'debit', 500.00, 'Expenditure Request: House through cleaning', 4, 2, '2025-10-21 22:56:04', '2025-10-21 22:56:04', NULL),
(416, 214, 47, 'credit', 500.00, 'Payment for: House through cleaning', 4, 2, '2025-10-21 22:56:04', '2025-10-21 22:56:04', NULL),
(417, 215, 56, 'debit', 200.00, 'Expenditure Request: test99', 4, 2, '2025-10-21 23:05:11', '2025-10-21 23:05:11', NULL),
(418, 215, 47, 'credit', 200.00, 'Payment for: test99', 4, 2, '2025-10-21 23:05:11', '2025-10-21 23:05:11', NULL),
(419, 216, 47, 'debit', 20.00, 'Initial balance for Marko Belvedere', 5, 1, '2025-10-22 08:26:18', '2025-10-22 08:26:18', NULL),
(420, 217, 47, 'debit', 30.00, 'Initial balance for test st kilda', 4, 1, '2025-10-22 09:12:19', '2025-10-22 09:12:19', NULL),
(429, 222, 47, 'debit', 60.00, 'monthly rent payment - Debit Petty Cash', 4, 1, '2025-10-22 09:31:44', '2025-10-22 09:31:44', NULL),
(430, 222, 51, 'credit', 60.00, 'monthly rent payment - Credit Accounts Receivable', 4, 1, '2025-10-22 09:31:44', '2025-10-22 09:31:44', NULL),
(431, 223, 47, 'debit', 200.00, 'Petty Cash - Branch Payment 13', 4, 2, '2025-10-22 09:35:13', '2025-10-22 09:35:13', NULL),
(432, 223, 51, 'credit', 200.00, 'Accounts Receivable - Branch Payment 13', 4, 2, '2025-10-22 09:35:13', '2025-10-22 09:35:13', NULL);

-- Table: petty_cash_accounts
DELETE FROM `petty_cash_accounts` WHERE 1=1;

-- Inserting 15 rows into petty_cash_accounts
INSERT INTO `petty_cash_accounts` (`id`, `user_id`, `petty_cash_user_id`, `boarding_house_id`, `account_name`, `account_code`, `initial_balance`, `current_balance`, `beginning_balance`, `total_inflows`, `total_outflows`, `status`, `created_by`, `created_at`, `updated_at`, `deleted_at`) VALUES
(4, 2, NULL, 1, 'Petty Cash - tatenda', 'PC-002', 0.00, 300.00, 0.00, 300.00, 0.00, 'active', 1, '2025-10-11 22:13:01', '2025-10-14 07:57:54', NULL),
(5, 2, NULL, 4, 'Petty Cash - undefined', 'PC-002', 0.00, 1200.00, 0.00, 800.00, 500.00, 'active', 2, '2025-10-11 22:15:52', '2025-10-22 09:35:13', NULL),
(6, 2, NULL, 5, 'Petty Cash - User 2', 'PC-002', 0.00, 200.00, 0.00, 0.00, 0.00, 'active', 2, '2025-10-12 14:56:53', '2025-10-12 14:56:53', NULL),
(7, 1, NULL, 7, 'Petty Cash - undefined', 'PC-001', 0.00, 0.00, 0.00, 0.00, 0.00, 'active', 1, '2025-10-12 17:13:27', '2025-10-12 17:13:27', NULL),
(8, 1, NULL, 1, 'Petty Cash - undefined', 'PC-001', 0.00, 0.00, 0.00, 0.00, 0.00, 'active', 1, '2025-10-12 17:13:32', '2025-10-12 17:13:32', NULL),
(9, 1, NULL, 4, 'Petty Cash - undefined', 'PC-001', 0.00, 0.00, 0.00, 0.00, 0.00, 'active', 1, '2025-10-12 17:13:34', '2025-10-12 17:13:34', NULL),
(10, 2, NULL, 1, 'Petty Cash - tatenda', 'PC-002', 0.00, 600.00, 0.00, 600.00, 0.00, 'active', 1, '2025-10-14 07:55:05', '2025-10-14 07:57:54', NULL),
(11, 2, NULL, 7, 'tatenda pettycash now', 'PC-002', 0.00, 0.00, 0.00, 0.00, 0.00, 'active', 1, '2025-10-22 00:16:51', '2025-10-22 00:16:51', NULL),
(12, 5, NULL, 4, 'Marko pettycash', 'PC-005', 0.00, 0.00, 0.00, 0.00, 0.00, 'active', 1, '2025-10-22 08:13:46', '2025-10-22 08:13:46', NULL),
(13, 5, NULL, 5, 'Marko Belvedere', 'PC-005', 20.00, 20.00, 0.00, 20.00, 0.00, 'active', 1, '2025-10-22 08:26:18', '2025-10-22 08:26:18', NULL),
(14, 5, NULL, 6, 'tatenda2', 'PC-005', 0.00, 0.00, 0.00, 0.00, 0.00, 'active', 1, '2025-10-22 08:51:34', '2025-10-22 08:51:34', NULL),
(15, NULL, 2, 4, 'test st kilda', 'PC-002', 30.00, 30.00, 0.00, 30.00, 0.00, 'active', 1, '2025-10-22 09:12:19', '2025-10-22 09:12:19', NULL),
(16, NULL, NULL, 4, 'Petty Cash Account', 'PC-001', 0.00, 60.00, 0.00, 60.00, 0.00, 'active', 1, '2025-10-22 09:31:44', '2025-10-22 09:31:44', NULL),
(17, NULL, 3, 4, 'marko st kilda', 'PC-003', 0.00, 0.00, 0.00, 0.00, 0.00, 'active', 1, '2025-10-22 20:16:13', '2025-10-22 20:16:13', NULL),
(18, 3, NULL, 4, 'Petty Cash - marko', 'PC-003', 0.00, 0.00, 0.00, 0.00, 0.00, 'active', 3, '2025-10-22 20:16:29', '2025-10-22 20:16:29', NULL);

-- Table: petty_cash_transactions
DELETE FROM `petty_cash_transactions` WHERE 1=1;

-- Inserting 68 rows into petty_cash_transactions
INSERT INTO `petty_cash_transactions` (`id`, `user_id`, `boarding_house_id`, `transaction_type`, `amount`, `description`, `reference_number`, `notes`, `transaction_date`, `created_by`, `created_at`) VALUES
(304, 1, 4, 'cash_inflow', 21.08, 'OPENING BALANCE AUGUST', 'OPENING BALANCE AUGUST', '', '2025-07-31 22:00:00', 1, '2025-09-01 20:12:47'),
(305, 1, 4, 'cash_inflow', 600.00, 'Petty cash', 'Petty cash', '', '2025-07-31 22:00:00', 1, '2025-09-01 20:13:10'),
(306, 1, 4, 'cash_inflow', 100.00, 'Petty cash', 'Petty cash', '', '2025-08-07 22:00:00', 1, '2025-09-01 20:13:43'),
(307, 1, 4, 'cash_inflow', 1319.00, 'Petty Cash', 'Petty Cash', '', '2025-08-18 22:00:00', 1, '2025-09-01 20:14:44'),
(308, 1, 4, 'expense', 450.00, 'EXP-20250901-222341', 'EXP-20250901-222341', NULL, '2025-07-31 22:00:00', 1, '2025-09-01 20:23:58'),
(309, 1, 4, 'expense', 127.00, 'EXP-20250901-223136', 'EXP-20250901-223136', 'EXP-20250901-223136', '2025-09-04 22:00:00', 1, '2025-09-01 20:32:12'),
(310, 1, 4, 'expense', 30.00, 'EXP-20250901-223307', 'EXP-20250901-223307', 'EXP-20250901-223307', '2025-08-04 22:00:00', 1, '2025-09-01 20:33:28'),
(311, 1, 4, 'expense', 100.00, 'EXP-20250901-223737', 'EXP-20250901-223737', 'EXP-20250901-223737', '2025-08-07 22:00:00', 1, '2025-09-01 20:37:51'),
(312, 1, 4, 'expense', 350.00, 'Terminte treatment', 'EXP-20250901-224037', NULL, '2025-08-19 22:00:00', 1, '2025-09-01 20:41:05'),
(313, 1, 4, 'expense', 227.00, 'Plumbing and washing line', 'EXP-20250901-224145', NULL, '2025-08-20 22:00:00', 1, '2025-09-01 20:42:11'),
(314, 1, 4, 'student_payment', 1960.00, 'Student payments - 17 students', 'STU-PAYMENTS-1757062093373', 'Total from 17 students', '2025-08-19 22:00:00', 1, '2025-09-05 08:48:13'),
(315, 1, 5, 'student_payment', 75.00, 'Student payment - Thandiwe', 'BEL-19-1757064062017', 'Admin: $20, Rent: $55, Advance: $0', '2025-08-19 22:00:00', 1, '2025-09-05 09:21:02'),
(316, 1, 5, 'student_payment', 110.00, 'Student payment - Tamia Moyo', 'BEL-20-1757064062033', 'Admin: $20, Rent: $90, Advance: $0', '2025-08-19 22:00:00', 1, '2025-09-05 09:21:02'),
(317, 1, 5, 'student_payment', 110.00, 'Student payment - Tinenyasha Gozho', 'BEL-21-1757064062042', 'Admin: $20, Rent: $90, Advance: $0', '2025-08-19 22:00:00', 1, '2025-09-05 09:21:02'),
(318, 1, 5, 'student_payment', 80.00, 'Student payment - Candice Gavajena', 'BEL-22-1757064062052', 'Admin: $20, Rent: $60, Advance: $0', '2025-08-19 22:00:00', 1, '2025-09-05 09:21:02'),
(319, 1, 5, 'student_payment', 100.00, 'Student payment - Natile Forbes', 'BEL-23-1757064062062', 'Admin: $20, Rent: $80, Advance: $0', '2025-08-19 22:00:00', 1, '2025-09-05 09:21:02'),
(320, 1, 5, 'student_payment', 16.00, 'Student payment - Panashe', 'BEL-24-1757064062068', 'Admin: $20, Rent: $-4, Advance: $0', '2025-08-19 22:00:00', 1, '2025-09-05 09:21:02'),
(321, 1, 5, 'student_payment', 90.00, 'Student payment - Hope chibondwe', 'BEL-25-1757064062078', 'Admin: $20, Rent: $70, Advance: $0', '2025-08-19 22:00:00', 1, '2025-09-05 09:21:02'),
(322, 1, 5, 'student_payment', 110.00, 'Student payment - Natilie Dhendere', 'BEL-26-1757064062088', 'Admin: $20, Rent: $90, Advance: $0', '2025-08-19 22:00:00', 1, '2025-09-05 09:21:02'),
(323, 1, 5, 'student_payment', 150.00, 'Student payment - Nicole Khumalo', 'BEL-27-1757064062100', 'Admin: $20, Rent: $130, Advance: $0', '2025-08-19 22:00:00', 1, '2025-09-05 09:21:02'),
(324, 1, 5, 'student_payment', 110.00, 'Student payment - Martha Buruyoyi', 'BEL-28-1757064062109', 'Admin: $20, Rent: $90, Advance: $0', '2025-08-19 22:00:00', 1, '2025-09-05 09:21:02'),
(325, 1, 5, 'student_payment', 110.00, 'Student payment - Chido Dambeni', 'BEL-29-1757064062119', 'Admin: $20, Rent: $90, Advance: $0', '2025-08-19 22:00:00', 1, '2025-09-05 09:21:02'),
(326, 1, 5, 'student_payment', 150.00, 'Student payment - Bridget Mugodi', 'BEL-30-1757064062131', 'Admin: $20, Rent: $130, Advance: $0', '2025-08-19 22:00:00', 1, '2025-09-05 09:21:02'),
(327, 1, 5, 'student_payment', 90.00, 'Student payment - Tanisha Muziwanhanga', 'BEL-31-1757064062138', 'Admin: $20, Rent: $70, Advance: $0', '2025-08-19 22:00:00', 1, '2025-09-05 09:21:02'),
(328, 1, 5, 'student_payment', 110.00, 'Student payment - Joyce Ndlovu', 'BEL-32-1757064062150', 'Admin: $20, Rent: $90, Advance: $0', '2025-08-19 22:00:00', 1, '2025-09-05 09:21:02'),
(329, 1, 5, 'student_payment', 80.00, 'Student payment - Rejoice Chikwava', 'BEL-33-1757064062158', 'Admin: $20, Rent: $60, Advance: $0', '2025-08-19 22:00:00', 1, '2025-09-05 09:21:02'),
(330, 1, 5, 'student_payment', 90.00, 'Student payment - Panashe Gutuza', 'BEL-34-1757064062168', 'Admin: $20, Rent: $70, Advance: $0', '2025-08-19 22:00:00', 1, '2025-09-05 09:21:02'),
(331, 1, 5, 'student_payment', 110.00, 'Student payment - Glander Makambe', 'BEL-35-1757064062249', 'Admin: $20, Rent: $90, Advance: $0', '2025-08-19 22:00:00', 1, '2025-09-05 09:21:02'),
(332, 1, 5, 'student_payment', 80.00, 'Student payment - Zvikomberero Gwatidza', 'BEL-36-1757064062265', 'Admin: $20, Rent: $60, Advance: $0', '2025-08-19 22:00:00', 1, '2025-09-05 09:21:02'),
(333, 1, 5, 'student_payment', 50.00, 'Student payment - Bella Maramba', 'BEL-37-1757064062271', 'Admin: $20, Rent: $30, Advance: $0', '2025-08-19 22:00:00', 1, '2025-09-05 09:21:02'),
(334, 1, 5, 'student_payment', 80.00, 'Student payment - Anita Gavajena', 'BEL-38-1757064062285', 'Admin: $20, Rent: $60, Advance: $0', '2025-08-19 22:00:00', 1, '2025-09-05 09:21:02'),
(335, 1, 5, 'student_payment', 110.00, 'Student payment - Panashe Shaya', 'BEL-39-1757064062301', 'Admin: $20, Rent: $90, Advance: $0', '2025-08-19 22:00:00', 1, '2025-09-05 09:21:02'),
(336, 1, 5, 'student_payment', 80.00, 'Student payment - Tanataswa Gavajena', 'BEL-40-1757064062316', 'Admin: $20, Rent: $60, Advance: $0', '2025-08-19 22:00:00', 1, '2025-09-05 09:21:02'),
(337, 1, 5, 'student_payment', 110.00, 'Student payment - Sandra Nyakura', 'BEL-41-1757064062325', 'Admin: $20, Rent: $90, Advance: $0', '2025-08-19 22:00:00', 1, '2025-09-05 09:21:02'),
(338, 1, 5, 'student_payment', 100.00, 'Student payment - Mugove Bumbira', 'BEL-42-1757064062335', 'Admin: $20, Rent: $80, Advance: $0', '2025-08-19 22:00:00', 1, '2025-09-05 09:21:02'),
(339, 1, 5, 'student_payment', 80.00, 'Student payment - Geraldine Mumba', 'BEL-43-1757064062351', 'Admin: $20, Rent: $60, Advance: $0', '2025-08-19 22:00:00', 1, '2025-09-05 09:21:02'),
(340, 1, 5, 'cash_inflow', 3.00, 'Balance c/d august', '16789H', '', '2025-07-31 22:00:00', 1, '2025-09-07 18:45:17'),
(341, 1, 5, 'cash_inflow', 70.00, 'Petty cash replinishment', 'NYOUENAO', '', '2025-08-01 22:00:00', 1, '2025-09-07 18:46:15'),
(342, 1, 5, 'expense', 20.00, 'House-keeping', 'EXP-20250907-204653', NULL, '2025-08-04 22:00:00', 1, '2025-09-07 18:47:26'),
(343, 1, 5, 'expense', 49.00, 'Cleaning supplies', 'EXP-20250907-204848', NULL, '2025-08-04 22:00:00', 1, '2025-09-07 18:49:20'),
(344, 1, 5, 'cash_inflow', 170.00, 'PETTY CASH REPLENISHMENT', 'PETTYCASH', '', '2025-08-13 22:00:00', 1, '2025-09-07 18:50:33'),
(345, 1, 5, 'expense', 169.00, 'Modern relocation', 'EXP-20250907-205126', NULL, '2025-08-13 22:00:00', 1, '2025-09-07 18:51:54'),
(346, 1, 5, 'cash_inflow', 120.00, 'Petty Cash', 'Petty Cash', '', '2025-08-05 22:00:00', 1, '2025-09-07 18:52:19'),
(347, 1, 5, 'expense', 90.00, 'Gas', 'EXP-20250907-210245', NULL, '2025-08-03 22:00:00', 1, '2025-09-07 19:03:09'),
(348, 1, 5, 'expense', 30.00, 'Neighbourhood watch', 'EXP-20250907-210537', NULL, '2025-08-05 22:00:00', 1, '2025-09-07 19:07:46'),
(351, 1, 5, 'withdrawal', 346.00, 'Rental submitted', 'Rental submitted', '', '2025-07-31 22:00:00', 1, '2025-09-07 19:12:51'),
(352, 1, 5, 'withdrawal', 1130.00, ' Rental submitted ', ' Rental submitted ', '', '2025-08-03 22:00:00', 1, '2025-09-07 19:13:46'),
(353, 1, 5, 'withdrawal', 200.00, 'Rental submitted', 'Rental submitted', '', '2025-08-05 22:00:00', 1, '2025-09-07 19:14:27'),
(354, 1, 5, 'cash_inflow', 17.00, 'Petty Cash', 'Petty Cash', 'Petty Cash', '2025-09-06 22:00:00', 1, '2025-09-07 19:14:46'),
(355, 1, 4, 'expense', 250.00, 'water refill', 'EXP-20251002-090321', 'water refill', '2025-09-02 22:00:00', 1, '2025-10-02 07:03:43'),
(356, 1, 4, 'student_payment', 130.00, 'Student payment - monthly rent', 'PMT-1759913387254', NULL, '2025-10-07 22:00:00', 1, '2025-10-08 08:49:47'),
(357, 1, 4, 'student_payment', 120.00, 'Student payment - monthly rent', 'PMT-1759938512387', 'test', '2025-10-07 22:00:00', 1, '2025-10-08 15:48:32'),
(358, 1, 4, 'student_payment', 160.00, 'Student payment - monthly rent', 'PMT-1760005468259', 'test', '2025-10-08 22:00:00', 1, '2025-10-09 10:24:28'),
(359, 1, 4, 'student_payment', 120.00, 'Student payment - monthly rent', 'PMT-1760009738804', 'test', '2025-10-08 22:00:00', 1, '2025-10-09 11:35:38'),
(361, 2, 4, 'cash_inflow', 200.00, 'Payment from Alicia Matamuko', NULL, NULL, '2025-10-11 22:00:00', 2, '2025-10-12 14:24:24'),
(362, 2, 5, 'cash_inflow', 200.00, 'Payment from Anita Gavajena', NULL, NULL, '2025-10-11 22:00:00', 2, '2025-10-12 14:56:53'),
(363, 2, 4, 'cash_inflow', 100.00, 'Payment from Anita Gavajena', NULL, NULL, '2025-10-11 22:00:00', 2, '2025-10-12 15:17:58'),
(364, 2, 4, 'cash_inflow', 100.00, 'Payment from Anita Gavajena', NULL, NULL, '2025-10-11 22:00:00', 2, '2025-10-12 15:22:50'),
(365, 2, 4, 'cash_inflow', 300.00, 'Payment from Anita Gavajena', NULL, NULL, '2025-10-11 22:00:00', 2, '2025-10-12 15:27:14'),
(367, 2, 1, 'cash_inflow', 300.00, 'cash replenish for budget', 'test', 'test', '2025-10-13 22:00:00', 1, '2025-10-14 07:55:05'),
(368, 2, 1, 'cash_inflow', 300.00, 'test', 'test', 'test', '2025-10-13 22:00:00', 1, '2025-10-14 07:57:54'),
(369, 2, 1, 'cash_inflow', 300.00, 'test', 'test', 'tets', '2025-10-13 22:00:00', 1, '2025-10-14 08:02:38'),
(370, 2, 1, 'cash_inflow', 100.00, 'test', 'test', '', '2025-10-13 22:00:00', 1, '2025-10-14 08:21:28'),
(371, 2, 1, 'cash_inflow', 200.00, 'test', 'test', 'test', '2025-10-13 22:00:00', 1, '2025-10-14 08:24:34'),
(372, 2, 1, 'cash_outflow', 500.00, 'submit', 'test', 'test', '2025-10-13 22:00:00', 1, '2025-10-14 08:35:40'),
(373, 2, 1, 'cash_inflow', 200.00, 'test', 'test', 'test', '2025-10-13 22:00:00', 1, '2025-10-14 08:54:16'),
(374, NULL, 4, 'student_payment', 60.00, 'Student payment - monthly rent', 'PMT-1761125504497', NULL, '2025-10-21 22:00:00', 1, '2025-10-22 09:31:44'),
(375, 2, 4, 'cash_inflow', 200.00, 'Payment from Alicia Matamuko', NULL, NULL, '2025-10-21 22:00:00', 2, '2025-10-22 09:35:13');

-- Table: petty_cash_users
DELETE FROM `petty_cash_users` WHERE 1=1;

-- Inserting 2 rows into petty_cash_users
INSERT INTO `petty_cash_users` (`id`, `username`, `password`, `full_name`, `email`, `phone_number`, `boarding_house_id`, `status`, `created_by`, `created_at`, `updated_at`, `deleted_at`) VALUES
(2, 'test56', '$2b$10$7rDBsEg/iQPhWE.9czBLluGi3/PoXBnWPqpcmIAJ6Z7movMmtxawq', NULL, NULL, NULL, 4, 'active', 1, '2025-10-22 09:12:19', '2025-10-22 09:12:19', NULL),
(3, 'marko', '$2b$10$.8RsOE3ktXOfHyuzgMQoae1jNEKCeYDYER93cF5FVZnlpss9FlWem', NULL, NULL, NULL, 4, 'active', 1, '2025-10-22 20:16:13', '2025-10-22 20:16:13', NULL);

-- Table: room_images
DELETE FROM `room_images` WHERE 1=1;

-- Inserting 3 rows into room_images
INSERT INTO `room_images` (`id`, `room_id`, `image_path`, `original_name`, `file_size`, `mime_type`, `is_display_image`, `created_by`, `created_at`, `updated_at`, `deleted_at`) VALUES
(1, 25, 'room-25-1761089817930-981405609.jpeg', 'WhatsApp Image 2025-10-16 at 4.01.29 PM (2).jpeg', 108602, 'image/jpeg', 1, 1, '2025-10-21 23:36:57', '2025-10-21 23:40:33', NULL),
(2, 25, 'room-25-1761089827792-62265291.jpeg', 'WhatsApp Image 2025-10-16 at 4.01.29 PM (2).jpeg', 108602, 'image/jpeg', 0, 1, '2025-10-21 23:37:07', '2025-10-21 23:40:33', '2025-10-21 23:40:08'),
(3, 25, 'room-25-1761090026343-42009710.jpeg', 'WhatsApp Image 2025-10-16 at 4.01.21 PM.jpeg', 97601, 'image/jpeg', 0, 1, '2025-10-21 23:40:26', '2025-10-21 23:40:33', NULL);

-- Table: rooms
DELETE FROM `rooms` WHERE 1=1;

-- Inserting 40 rows into rooms
INSERT INTO `rooms` (`id`, `name`, `capacity`, `bed_count`, `available_beds`, `price_per_bed`, `description`, `status`, `boarding_house_id`, `created_at`, `updated_at`, `deleted_at`, `admin_fee`, `security_deposit`, `additional_rent`) VALUES
(5, 'Room A', 1, 1, 1, 110.00, 'none', 'active', 6, '2025-08-06 10:58:20', '2025-10-08 12:34:33', NULL, 20.00, 0.00, 0.00),
(6, 'Room B', 2, 2, -1, 110.00, '', 'active', 6, '2025-08-06 11:02:06', '2025-10-08 13:25:47', NULL, 20.00, 0.00, 0.00),
(7, 'Room C', 3, 3, 2, 110.00, '', 'active', 6, '2025-08-06 11:04:06', '2025-10-08 12:34:33', NULL, 20.00, 0.00, 0.00),
(8, 'M5', 3, 3, 1, 180.00, 'Standard room', 'active', 4, '2025-08-06 12:01:31', '2025-10-08 12:34:33', NULL, 20.00, 0.00, 0.00),
(9, 'BUS2', 5, 6, 0, 160.00, 'Standard room', 'active', 4, '2025-08-06 12:01:31', '2025-10-21 23:06:44', NULL, 20.00, 0.00, 0.00),
(10, 'BUS1', 6, 7, 0, 160.00, 'Standard room', 'active', 4, '2025-08-06 12:01:31', '2025-10-22 21:06:10', NULL, 20.00, 0.00, 0.00),
(11, 'M4', 3, 3, 1, 180.00, 'Standard room', 'active', 4, '2025-08-06 12:01:31', '2025-10-08 12:34:33', NULL, 20.00, 0.00, 0.00),
(12, 'M3', 3, 3, 3, 180.00, 'Standard room', 'active', 4, '2025-08-06 12:01:31', '2025-10-08 12:34:33', NULL, 20.00, 0.00, 0.00),
(13, 'Upstairs 2', 2, 2, 2, 150.00, 'Standard room', 'active', 4, '2025-08-06 12:01:31', '2025-10-08 12:34:33', NULL, 20.00, 0.00, 0.00),
(14, 'M6', 3, 3, 2, 180.00, 'Standard room', 'active', 4, '2025-08-06 12:01:31', '2025-10-08 12:34:33', NULL, 20.00, 0.00, 0.00),
(15, 'EXT2', 5, 5, 4, 160.00, 'Standard room', 'active', 4, '2025-08-06 12:01:31', '2025-10-08 12:34:33', NULL, 20.00, 0.00, 0.00),
(16, 'EXT1', 6, 6, 5, 160.00, 'Standard room', 'active', 4, '2025-08-06 12:01:31', '2025-10-08 12:34:33', NULL, 20.00, 0.00, 0.00),
(17, 'M7', 3, 3, 1, 180.00, 'Standard room', 'active', 4, '2025-08-06 12:01:31', '2025-10-08 12:34:33', NULL, 20.00, 0.00, 0.00),
(18, 'C1', 2, 2, 0, 190.00, 'Standard room', 'active', 4, '2025-08-06 12:01:31', '2025-10-20 08:48:12', NULL, 20.00, 0.00, 0.00),
(19, 'M2', 4, 4, 2, 170.00, 'Standard room', 'active', 4, '2025-08-06 12:01:31', '2025-10-08 12:34:33', NULL, 20.00, 0.00, 0.00),
(20, 'M8', 6, 6, 4, 160.00, 'Standard room', 'active', 4, '2025-08-06 12:01:31', '2025-10-08 12:34:33', NULL, 20.00, 0.00, 0.00),
(21, 'C2', 2, 2, 2, 190.00, 'Standard room', 'active', 4, '2025-08-06 12:01:31', '2025-10-08 12:34:33', NULL, 20.00, 0.00, 0.00),
(22, 'Executive', 1, 1, 1, 220.00, 'Standard room', 'active', 4, '2025-08-06 12:01:31', '2025-10-08 12:34:33', NULL, 20.00, 0.00, 0.00),
(23, 'M1', 3, 3, 2, 180.00, 'Standard room', 'active', 4, '2025-08-06 12:01:31', '2025-10-08 12:34:33', NULL, 20.00, 0.00, 0.00),
(24, 'Upstairs 1', 1, 1, 1, 120.00, 'Standard room', 'active', 4, '2025-08-06 12:01:31', '2025-10-08 12:34:33', NULL, 20.00, 0.00, 0.00),
(25, 'Room Example', 1, 0, 1, 150.00, 'Example', 'active', 7, '2025-08-08 08:34:03', '2025-10-08 12:34:33', NULL, 20.00, 0.00, 0.00),
(26, 'M5', 3, 3, 3, 180.00, NULL, NULL, 1, '2025-08-19 14:49:16', '2025-10-08 12:34:33', NULL, 20.00, 0.00, 0.00),
(27, 'BUS2', 5, 5, 5, 160.00, NULL, NULL, 1, '2025-08-19 14:49:35', '2025-10-08 12:34:33', NULL, 20.00, 0.00, 0.00),
(28, 'BUS1', 6, 6, 6, 160.00, NULL, NULL, 1, '2025-08-19 14:49:54', '2025-10-08 12:34:33', NULL, 20.00, 0.00, 0.00),
(29, 'M4', 3, 3, 3, 180.00, NULL, NULL, 1, '2025-08-19 14:50:14', '2025-10-08 12:34:33', NULL, 20.00, 0.00, 0.00),
(30, 'M3', 3, 3, 3, 180.00, NULL, NULL, 1, '2025-08-19 14:50:51', '2025-10-08 12:34:33', NULL, 20.00, 0.00, 0.00),
(31, 'Upstairs 2', 2, 2, 2, 150.00, NULL, NULL, 1, '2025-08-19 14:51:10', '2025-10-08 12:34:33', NULL, 20.00, 0.00, 0.00),
(32, 'M6', 3, 3, 3, 180.00, NULL, NULL, 1, '2025-08-19 14:51:29', '2025-10-08 12:34:33', NULL, 20.00, 0.00, 0.00),
(33, 'EXT2', 5, 5, 5, 160.00, NULL, NULL, 1, '2025-08-19 14:52:06', '2025-10-08 12:34:33', NULL, 20.00, 0.00, 0.00),
(34, 'EXT1', 6, 6, 6, 160.00, NULL, NULL, 1, '2025-08-19 14:52:43', '2025-10-08 12:34:33', NULL, 20.00, 0.00, 0.00),
(35, 'M7', 3, 3, 3, 180.00, NULL, NULL, 1, '2025-08-19 14:53:39', '2025-10-08 12:34:33', NULL, 20.00, 0.00, 0.00),
(36, 'C1', 2, 2, 2, 190.00, NULL, NULL, 1, '2025-08-19 14:53:58', '2025-10-08 12:34:33', NULL, 20.00, 0.00, 0.00),
(37, 'M2', 4, 4, 4, 170.00, NULL, NULL, 1, '2025-08-19 14:54:17', '2025-10-08 12:34:33', NULL, 20.00, 0.00, 0.00),
(38, 'M8', 6, 6, 6, 160.00, NULL, NULL, 1, '2025-08-19 14:54:36', '2025-10-08 12:34:33', NULL, 20.00, 0.00, 0.00),
(39, 'C2', 2, 2, 2, 190.00, NULL, NULL, 1, '2025-08-19 14:55:14', '2025-10-08 12:34:33', NULL, 20.00, 0.00, 0.00),
(40, 'Executive', 1, 1, 1, 220.00, NULL, NULL, 1, '2025-08-19 14:55:33', '2025-10-08 12:34:33', NULL, 20.00, 0.00, 0.00),
(41, 'M1', 3, 3, 3, 180.00, NULL, NULL, 1, '2025-08-19 14:56:29', '2025-10-08 12:34:33', NULL, 20.00, 0.00, 0.00),
(42, 'Upstairs 1', 1, 1, 1, 120.00, NULL, NULL, 1, '2025-08-19 15:01:19', '2025-10-08 12:34:33', NULL, 20.00, 0.00, 0.00),
(43, 'C1', 10, 10, 5, 150.00, 'C1 Room - $150 per bed', 'active', 5, '2025-09-05 09:20:54', '2025-10-08 12:50:35', NULL, 20.00, 0.00, 0.00),
(44, 'M1', 25, 25, 3, 110.00, 'M1 Room - $110 per bed', 'active', 5, '2025-09-05 09:20:54', '2025-10-08 12:34:33', NULL, 20.00, 0.00, 0.00);

-- Table: saved_income_statements
DELETE FROM `saved_income_statements` WHERE 1=1;

-- Inserting 1 rows into saved_income_statements
INSERT INTO `saved_income_statements` (`id`, `name`, `start_date`, `end_date`, `boarding_house_id`, `is_consolidated`, `api_response`, `created_by`, `created_at`, `updated_at`, `deleted_at`) VALUES
(3, 'august', '2025-07-31 22:00:00', '2025-08-30 22:00:00', NULL, 1, '[object Object]', 1, '2025-09-09 10:33:00', '2025-09-09 10:33:00', NULL);

-- Table: student_account_balances
DELETE FROM `student_account_balances` WHERE 1=1;

-- Inserting 17 rows into student_account_balances
INSERT INTO `student_account_balances` (`id`, `student_id`, `enrollment_id`, `current_balance`, `currency`, `created_at`, `updated_at`, `deleted_at`) VALUES
(1, 44, 45, 0.00, 'USD', '2025-10-08 08:16:08', '2025-10-08 08:49:47', NULL),
(3, 45, 46, -340.00, 'USD', '2025-10-08 09:11:44', '2025-10-08 09:11:44', NULL),
(4, 46, 47, -160.00, 'USD', '2025-10-08 09:16:41', '2025-10-08 09:16:41', NULL),
(5, 47, 48, -180.00, 'USD', '2025-10-08 09:26:49', '2025-10-08 09:26:49', NULL),
(6, 48, 49, -170.00, 'USD', '2025-10-08 12:26:26', '2025-10-08 12:26:26', NULL),
(7, 49, 50, -170.00, 'USD', '2025-10-08 12:50:35', '2025-10-08 12:50:35', NULL),
(8, 50, 51, -130.00, 'USD', '2025-10-08 13:11:36', '2025-10-08 13:11:36', NULL),
(9, 51, 52, -130.00, 'USD', '2025-10-08 13:25:47', '2025-10-08 13:25:47', NULL),
(10, 52, 53, -210.00, 'USD', '2025-10-08 14:55:41', '2025-10-08 14:55:41', NULL),
(11, 53, 54, -180.00, 'USD', '2025-10-08 15:39:37', '2025-10-08 15:39:37', NULL),
(13, 55, 56, 29.99, 'USD', '2025-10-08 15:47:06', '2025-10-08 16:09:24', NULL),
(19, 56, 57, -20.00, 'USD', '2025-10-09 10:21:28', '2025-10-09 10:24:28', NULL),
(21, 57, 58, -60.00, 'USD', '2025-10-09 11:32:28', '2025-10-09 11:35:38', NULL),
(23, 17, 17, 460.00, 'USD', '2025-10-12 14:36:40', '2025-10-22 09:35:13', NULL),
(24, 38, 38, 700.00, 'USD', '2025-10-12 14:56:53', '2025-10-12 15:27:14', NULL),
(25, 59, 59, -160.00, 'USD', '2025-10-20 08:45:36', '2025-10-20 08:45:36', NULL),
(26, 60, 60, -210.00, 'USD', '2025-10-20 08:48:12', '2025-10-20 08:48:12', NULL);

-- Table: student_applications
DELETE FROM `student_applications` WHERE 1=1;

-- Inserting 8 rows into student_applications
INSERT INTO `student_applications` (`id`, `student_name`, `email`, `phone`, `institution`, `medical_history`, `room_id`, `bed_id`, `preferred_move_in_date`, `emergency_contact_name`, `emergency_contact_phone`, `emergency_contact_relationship`, `additional_notes`, `status`, `admin_notes`, `created_at`, `updated_at`, `deleted_at`, `national_id`, `gender`, `address`, `lease_start_date`, `lease_end_date`, `signature_data`) VALUES
(1, 'test7 test7', 'tatendamuzenda1@capesso.com', '0771478792', 'uz', 'test', 43, 129, '2025-09-30 22:00:00', 'test', 'test', 'Parent', 'test', 'approved', NULL, '2025-10-08 12:18:23', '2025-10-08 12:26:26', NULL, '75-489163m5033wwww', 'Male', '42 Mhou Street Zengeza', '2025-09-30 22:00:00', '2025-10-30 22:00:00', NULL),
(2, 'test9 Masango', 'admin@learningladder.site', '0771478792', 'uz', 'test', 43, 130, '2025-09-30 22:00:00', 'Masango', '077156900', 'Parent', 'test', 'approved', NULL, '2025-10-08 12:50:16', '2025-10-08 12:50:35', NULL, '75-489163m5033wwwwx', 'Female', '42 Mhou Street Zengeza', '2025-09-30 22:00:00', '2025-10-30 22:00:00', NULL),
(3, 'test10 Masango', 'wein@learningladder.site', '0771478792', 'uz', 'test', 6, 3, '2025-09-30 22:00:00', 'Masango', 'test', 'Guardian', 'tst', 'approved', NULL, '2025-10-08 13:10:54', '2025-10-08 14:37:45', NULL, '75-489163m5033wwwwsss', 'Male', '42 Mhou Street Zengeza', '2025-09-30 22:00:00', '2025-10-30 22:00:00', 'data:image/png;base64,iVBORw0KGgoAAAANSUhEUgAAASwAAABkCAYAAAA8AQ3AAAAQAElEQVR4AeydC9B11RjH39yKSLq4FbphlNSgkqIxjVLKbZCpmVwyxmQiSrkUJiEpoxiNYUrGJfdGFKKJ4iOpKEJSTTdSbp9buf5/u1nnW2e/+7znfOfsc/Zae/3feZ53Xffez/N/1nrO2muvvfY9lvxnBIyAEcgEATusTAxlMY2AEVhassNyKzACRiAbBOywsjHV7IL6DEYgdwTssHK3oOU3AgUhYIdVkLGtqhHIHQE7rNwtaPmNQBMCPc2zw+qpYa2WEegjAnZYfbSqdTICPUXADqunhrVaRqCPCNhhNVnVeUbACCSJgB1WkmaxUEbACDQhYIfVhIrzjIARSBIBO6wkzWKhFoeAr5QTAnZYOVnLshqBwhGwwyq8AVh9I5ATAnZYOVnLshqBwhGY0WH1Gr3f9lo7K2cE0kbgxRLvcvFfxf8V/w+2wxIKDQRAD1E+IH1bockIGIH2EXioTnm2+A/if4vpb4E/q/SO4vXF64grssOqYFj2bwCQSvYUm4yAEZgegZN06E3iu8QMBoJTulXp54ofJL6neCXiGO842oAQHj1kA26Ilx5afyOwEgIHqvAq8d/F9BscTOAjlLeZ+N7ieDCg5DLCqf1KuXuLqRuzHZZAqdPqKGOc14+qOmoEeo/AJtLwAvGfxf8RB4dE+CmltxPfV4yTUTCSOPY2lZ4spm7M6yrvseJvigP9LUR8SxiQWBMCHimMQGg2AqUh8EkpfIcYx0I/CPx75T1DvIF4nO/gmL+o3tfEYWRF34LvpTzmiI9UOI62VoX7iaE7x12USiXxPyNlATxKOmoEeovAJdIsvo07SOmNxOP8A32EPvMT1WV0hTMKzLEPVP5+YibUFUxF10RHrcdJo3TxUYajAQTfDgYkHPYNgbOkEE4EhwPvpDSORkEjUfdmlRwupl5g/Ae3gDzN+7nK2qZLdUKupWDpDP5xQULzMAIYcTjHqXEIXKkK3ELEv9TgGLOqmDpA4Ghdk8nsYIsDlG76Qab8BpXhJGLmlm5z5Z8iXhRdqAs9SQwh1yuI2GGBwt1MR7s7trTE49YQd7gGgesVHeWUHq8y2hMNXVFThwjsqmszUU1Hh09QGqejYBn9UTnYDMZ+WyjdJfG0kb64RyQEclXJQaRKlf0PgwUEeAQb4msd9uiA26ULjYdGDz9KadpMjJWyGon63Ep8sLHUmW0jgOMBc/j7OnmYqFZ0iJhz2lc52BBmrkrJJOhOScHTRuRSdIkfxxAn7WUNFQrD/zD4cE45KeY2Yge1sVQfajBKxwRW1P+eMqkXM46NX/XXqszUPgI36pRgjw3gDZVuIjr9+1QQbMOc03lKp0S3SBh0uI/CQDsowtNEBWuIRrUmVW6MkUDQvjRM4kbP3AYNO2ARQhoTDZ+ymMGKuZDdQ0WHc0OA9+piWzGnhC3qF8RW5yuTMphOf5TSKdKXJRTyPkxhoFWKIPdPFS4jGtyyzAIzSsKBYXfc8GkcTSanIT1aBZSDDw1fSdMQAvNL0Jn5IcUOME/isEX9ipT9WpmUwdhqL6VTpqdLONrg8xQGol3y4/fUkNEUolxTvvP6gwBPfWgcNGyYYTcNu64hZazHoQymbdAR6vWcng8Cx+m0/xJjB5jOTAdW1hBRxqJObARjJ35YhiolnODVne9IPmRXUBGjxfUUo50qGE0oO7q0nJIAHo0hd63fKAUwPLrAj1Q66KfogCij8VAG0xZ2GZS2F2kc2rd3+mzPxEv14I8d4GOlyahRLPV4xB/sxCsyqp4VXStp0ZM5NEUr+oj+oxNrvBQdTzTS8bVcI2UEGDExvxSc1IkSlkagYIhoLNRhcSzl2D5+0XuocouJbVs8V86nwk5/kgLYAFt8S/G48yo5IG4Fj1EKO8HY6TKlcyQWfKLvVpHwPNFEr1dHeRNFabQTVZxLpTROGm/UR2NKQ6qVpWCNDbLSELj3x440gPpRlDPhShl1uMVgAWG93jzTXHee50/53Dz9iu3EqyrYoi4zdc5RJmUwT1ffpXTOxDuA/JC+LFKC9oh+Uy+lKLkxBRwfHCIKHyBOkX4soWjUGBxmjQ2GV/YQUcbiTspg7Msj7aFKC04gx4Iv2dnluP2N7cTTryb9sdPVkpIymB+S5yjdF2KXUOY/aX9Bp5cqEqeVXHua+QRrf8mkjthS0tBgFCzRiP5BJAHeRjLEDf+JSgc5FR0QMjNiogzGnug0qJBQBFkTEqcVUdiJgNs3dIO311mxg4IhooztVHBMlGOnPt4q/0xaoyu3sIpWhONC509UqRn/AdyMp8j6cCYCgwLsehjiiw6ZbKXhByfFG+oYuUkOGgRzH5RjP+akmuollletWk5NprWV5/06gFtwbACzYhwnpOxlxCiDp1/BTmyngn2XVexBBvtagUfshGnPYNPqE0wafA/wmkqFeLgO2GxKNtWJJjyIPap5bE2jhblmYPIxLo27fjrqfF6ZlMHYjNcrlJUVsWQiK4ElLA6J+UJsAL9eeUyeK1hGOLLXKRcbwUwvTPz0S8flSLzCRtt9Q014HDXzcLTzWtFsSRr/bGfI9+j4BWc2w59VE24HaNwYCaaBx8xXQBhJ0ZjhUdfjGDblpw6MjTh2VP2U878bCbdbFE81yqR4/P4kt3zMFzbJy4Ry/EPCOqJTmyr2NI8nfezTTpsOKrIbKW12bo6azhAuVnII8JPoz4Q2DRWHBONcAjPhSuPGYPC484XjOA/Xp8FzHDbhHb5xx+dQzq4BqcvJLTVzl9iDZQdgjx3qcmOnHymTMpiOmusPidSYmtijCqzidxcZ8YMJa8s48dyYzjG3k2d0YoavGGEcx7sVYKBxKobzsVUsE5EcExjsYW4FH6ETcUuhoFeEbqkqhE2wD52NH4u6nJTxAxXshS471ysVlGZPLZw2C1iD2qTBhznVkDfXkA4z1wskfnImBmcRkUYN42zeqRNhvJjBF+ZWg9XKqlIUgUVKCvOkDnvBzDHVZeOJK50PubFbqk9c63LPM81IivbNnlrgEq71IUVw4goWRxhlcVdL70qMrDDCtAx+ML/Qb0tPvWQkwkF0JcxvdGFGAsiwqeJ14hafDyvQBrg9ZMRVr1NqGgfPXFX8oIEPUYDVYV2AQmfr4rq+5mgE+liCw1ikXlfoYlwTJ8UoiQ6mrAFRFvYnZy6K7XgHhY4s8XIy2MUOnrsRRlTxQuuFQ2WHtXDIi7zgLxegNd+xwxHR0dj8re6kyD9NcpBPx1vk/uS6bBbEsgwwZPuXWGD2U+duhLI4f+FxO6yFQ17kBeOJ2jYB4MVaOhHO6Jk6Mc5IwYDIP1cp8mnrhypuWo4AUxo8Kf2AisBKQUU8+SYNzlVG1/8wYtcy+Pr9R6DNeaE3Cy7mnXBGvFhLh1LWgMhnZwPyad/PHpQkGElAJPZLw1nhtII4rNIHP0aqIS+JEIMmIYiFMAIrIPAslTGHgjN6t+L1dkv+dcqnk1E2rxGdLtEb+oo0YXTKfmmKVsQPAa/SND1BrSp0/Q/jdi2Dr28EmhBgkzoep+OM+GgC8071eqxKD04q3m+pXs/pNQgwKsX5768ssFNQEa+O8QCCl5WrjBT/2WGlaJWyZWJ/MpwUj8/jx+kBldWK0NHg+CmWsk0rIHC8ynjvj/mo2Pnz9R2wfInKk6esHVby6FrASRE4WBW5PcFRsauBkkPEHBidCt5gqMSJcQicqQrc6r1VISMoBRUxegXP+JawKkj5nx1Wytbpv2zh9Rg6FZ0n1hgHRh7M6vO4zPHxCHxdVcCQH4O4nzPKOkRl8SS7knlQrEgeElvK3BHgwwN0JEZT9cld8uhoOKn4tiV3nRcpPy9og+Peuig4KqiIV8NYX8Vt9ulVTob/7LAyNFqGIrOLBb/sdKRXSf64Iym5FB6j0x73IWMZO2McAmz6CL5PrlVkFMvmlLx8f1GtLLskDSQ7oS1wdgiwT1g8f4ICjLLoXDiv+kiLcvNkCISHFGyrHR/xOyXAlhfv2TZHyfzJDit/G+amQVjUyS0fH9fITf4U5OXBA06IEVX9IQUve+Oo2tiUMgVdh2SwwxqCw4mWEaDj1NmLOqcH+Sk6lNEq23kzclJyQOGHgM9rDTLzjIyW2g5rNDYuMQKpIMCTPpYhrJJAzAcqqIgRFi9986NQxA+BHVZld/8zAkki8AJJxdM9ln3wdE/Jipj/I4/+y9PAKrOEfyhcgp7W0QjkhMCLJCyO6osK4zVovFLDF6GZ/+MVGxWXRXZYvbO3FcoYgeCoPicdYkfFbgosB2FPqmNUVizZYRVreiueEAIrOaoXSk7mrT6qsHiywyq+CRiADhGYxFFxW9ihiGld2g4rLXtYmjIQaMtRlYFWpKUdVgSGo0ZgzggcoPMzmd40RxVu/TyiEkijyA5rFDLONwLtIYCjYuL8LJ2yPpluRyVQJiU7rEmRcj0jsPYIsIXLTToMR0Vc0YpwXjgxJtM9oqogmexfyQ5rMoRcywhMh8DFOgzHtJnCQKSDo+K2MOQ7nBABO6wJgXI1IzAhAqeqHjt87qYw0M2K8CENRlR2VAJjWrLDmhY5H2cEhhFgT3Qm1A9TduhX7EXFHNXmyvuG2DQjAgHYGU/jw41A2gjMUbqNdO5bxZ8Rhwl1XlQ+Wml2VPAclYBoi+yw2kLS5ykRAbYjvkOKh72nuBVkRToT7Ccq39QyAnZYLQPq0xWBAE4J58SOqSgctnlhV1Xe+SPPPAcE7LDmAKpP2VsE2CGBT469UhqGvnO14jiqorZ5kc6dUAB9xYu70AgUjgCT5rcJgzPE64oh0o9TZFsx+1MpMM0bATuseSPs8+eOwOVS4EbxpmKILYqfrwh7qf9CoWmBCNhhLRBsXyorBN4radkwb0eFEJ8pO1aR+4vPFps6QMAOqwPQk76khXuLIGBF+lEK2dmT271PK84WxccrNHWIgB1Wh+D70kkhcIikYaEnWxCzLAFH9QXl4bQOUmhKAAE7rASMYBE6RYD5qNslwcfE4YOuP1CcyXX2rVLUlAoCdlipWMJyLBqBPXRB3vH7ksKNxRAfId1SkV3FzF8p6DPlp5sdVn42s8SzIcD3+67RKS4UP1wMsVqdl5O3VuJ6sSlRBOywEjWMxWodgcfojFeILxVvI4aYXH+NIpuI/XKyQEid7LBSt5DlmxUBFn1epJOwZmoHhRCv1ZyiCNu9fFihKRME7LCmNpQPzAAB1lDhqHaXrOuIeeePkRSv0hyutCkzBOywMjOYxZ0YARZ5Xqba64uhq/SPD5EyV6WoKUcE7LBytJplXgkB1lBdogrHiRlV4ai2Unx7MbeCCky5ImCHlavlLHcTArsokyd+OymETtY/HNV1CmchH5sIAnZYiRjCYsyMwDt0hlViJtLvUriX+EixqUcI2GH1yJiFqoKDYrnC26U/t4CMplhfdb7Spp4hYIfVM4MWpM4W0vUEMa/VhOUKH1ea+SpuCxU19Q2BRTisvmFmfbpDgBHUPrr8OeJrVcnpVwAAAOdJREFUxXzogQ8/rFacr9O8XKGpxwjYYfXYuD1SbUPpcoSYV2rOVbifmLZ7pcJDxXys1F+nERB9J4zedx2tX74IsPDzdIl/i/gkMe/6MaHOJ7WepvQTxKeJGWEpMPUdATusvlt4wfq1cDm2dTlY5/mhmO2Juc3jtu8Gpdlcj9HUgYpfLDYVhoAdVmEGz0Dd7STjmeKdxWyid57C/cVMpr9HIZPsCkwlImCHVaLV09aZ12kukIjsqc4t4L6Kf1WM81JgKhkBO6ySrZ+u7ntKtDeJvTeVQEiWOhDMDqsD0H1JI2AEpkPg/wAAAP//K7jM1AAAAAZJREFUAwCNs4fnJOU8lgAAAABJRU5ErkJggg=='),
(4, 'testing test', 'tatendamuzenda1@capesso.com', '0771478792', 'uz', 'test', 9, 11, '2025-09-30 22:00:00', 'test', 'test', 'Guardian', 'test', 'approved', NULL, '2025-10-08 15:30:32', '2025-10-08 15:39:37', NULL, '75-489163m50sss', 'Male', '42 Mhou Street Zengeza', '2025-09-30 22:00:00', '2025-11-29 22:00:00', NULL),
(5, 'testing50 testing50', 'tatendamuzenda1@capesso.com', '0771478792', 'uz', 'testing50', 10, 16, '2025-09-30 22:00:00', 'testing50', 'test', 'Guardian', 'testing50', 'approved', NULL, '2025-10-08 15:43:42', '2025-10-08 15:47:06', NULL, '75-489163m50ssss', 'Male', '42 Mhou Street Zengeza', '2025-09-30 22:00:00', '2025-10-30 22:00:00', NULL),
(6, 'test90 Masango', 'tatendamuzenda1@capesso.com', '0771478792', 'uz', 'test', 10, 15, '2025-09-30 22:00:00', 'Masango', '0979002', 'Parent', 'test', 'approved', NULL, '2025-10-09 10:20:27', '2025-10-09 10:23:33', NULL, '75-489163m5033w333', 'Female', '42 Mhou Street Zengeza', '2025-09-30 22:00:00', '2025-11-29 22:00:00', 'data:image/png;base64,iVBORw0KGgoAAAANSUhEUgAAASwAAABkCAYAAAA8AQ3AAAAMR0lEQVR4AeydS8h13xzHH/f7LRK55Z+YyUAyMpEwcIkSykRhYijMGLqMlUhKCQkxQiZKyUAGRpT7JXLL/c7/9znvu87/9+xnP+esffZ978/bWmfdf2utz1r7++69zz77uf+V/yQgAQmshICCtZKFcpgSkMDVlYLlLpCABFZDQMFazVL1H6gWJLB2AgrW2lfQ8UtgRwQUrB0ttlOVwNoJKFhrX0HHL4E2AhvNU7A2urBOSwJbJKBgbXFVnZMENkpAwdrowjotCWyRgILVtqrmSUACiySgYC1yWRyUBCTQRkDBaqNingQksEgCCtYil8VBTUfAntZEQMFa02o5VgnsnICCtfMN4PQlsCYCCtaaVsuxSmDnBHoK1s7pOX0JSGBSAgrWpLjtTAIS6ENAwepDz7YSkMCkBBSsSXGvujMHL4HZCShYsy+BA5CABGoJKFi1pKwnAQnMTkDBmn0JHIAElkdgqSNSsJa6Mo5LAhK4QUDBuoFk9xn/DwL4f0Wok8CiCChYi1qORQ3mQTGa/4bXSWAxBBSsEZZiQybZH//b0HycysoJsCFXPgWHPzKB+4V9RSsg6OYnoGDNvwZLHcGn08AUrQTD6HwEFKz52C+95zfEAF8WvjhFq5DIofFJCShYk+JeXWdfiREjVBEcHHG+QTwk/JDA1AQUrKmJr7O/plAhWs9e51Qc9ZoJKFhrXr1px85eQahKr9+LyCfC6yQwGQE24WSd3ejIjKUReMSZAbFfsmi9Ker/ObxOApMQYANO0pGdrILAHytGyZ7JovXIaPOP8DoJjE6AzTd6J3awGgK1+4F6WbQeEjP0Wa2AoBuXABtv3B60vjQC/NwGsWnz3Fwv4/17idwSsnf+ncpoe0K0Uk2jEriQAJvuwqY2WxGBF8VYERNEqnbNHxptqP/PCG9zD46CfA8L0aJNZOskMDyB2s07fM9anILAK6IThOrrESImERwcovLmiJGXfWTdcIgS9W8U3M14dITYiODoqJ+F7FhgRAJ9CChYfegtt+3bYmgI1ZcizGKCkCBUrPvHoyw76pc0bfDUL3nEc52SX8JmfW7Gc/lZyg33Q2C0mbJxRzOu4VkI/Cd6/XB4BCSCg0NsbhMqKnDZV+pTlzw8++MHRO566lCOcFF2N/sYkEd5ySBN3ZI2lEAvAmyoXgZsvBgCv42RIBYPiLA40qeEqtTjsq/Em3viWVHA2RK2InpwCBdnT21iRPu/Hmrd+aBubnsn108JXECAzXVBM5ssiMAXYiwIwuMjLI5v+BAK1rd56VfqlDCLTo6XckIECFttwkXfX6NS8tSj/5R1Rb2a57xyG+MSuEaATXgtw8TsBGoH8MqoiAi8OsLiEByE4uEloyKkPtWwlc/OyGv624TrxVHxD+GbDtvYLfncoOfMrKQNJdCJgILVCdciKj8sRsHzT1+MMLu3R+Kc4ESVaw6BKxnfKJGKsAjX+1Pdx0a8TYzYY7mfZjqa6SRQR4DNU1fTWksgwA3wv8VAHhi+uK9GhDOZD0XYxfHYAe1ow1kQz2oR7+LfHZWfGb449lMWp5KPkP6pJCKkX/qMqE4C9QTYYPW1rTkXgY9Exxzg90RY3K8iwoH/0ggvcdxnKu367IMfhxHGwfgielXiWcjIf0x8UBbB0dFm1/e1jiSMVBHos1GrOrBSbwKcsbwlWeGxBQ78J6e8rtF86Yb9ru3b6rOXsq0fRqX3hW86xo5QlXzua/knxQoNw5ME2GQnK1g4GwHegMCBzQHOIIi/KiL8+a0Ierm87lyu9TKWGmPr9yn9rogz7nw5GFlX9J/FjTnlNHX0ErhBgI1zI9OMWQl8K3rnIOcNCBE9uI/GJ2vFk+sR7eWyMHA/rJexlsY8XvHZRv6jIs2c6PsdEcchbjywShyPMFNOXC+BVgIcBK0Fa8jc2BjfE/PhoH5BhMV9PyIcyG+NcAjHt4vYwxZ9nXthH/Uu8a+LRvRDfxE9OvI+GKlyScoPrH8Z6eIoV7QKDcMbBBSsG0hmyeAAfm/quTz4+ZyU1zfKfaL87eIUa88T9IjQdxuDp28Ek+ynxAfpCA6O+orWAYUfTQJ5ozTLTI9PgEsyDty8Di+Pbrs8+BnVzzrEivtEpeLvSmSi8LnRD0KEj+jRMXc8gp3LiJN/rGhEAhDIBwpp/fgEfh5dcDDieQg0kgfHz1s4UL98SA330RQr7hs9YTjznS0xx+YZFHnwaBojj3tiV1fNEtO7JKBgTbPsWaS4BMq98tQ4B+xLcmbPOGcsiAIHfD6zQry4b9TTfO/m3HBnzozvnLHyo27q9vUwwcP8XL+WL5CAgjXeopwSKXr9dXxw0OYHOCOrlysHNOuK7WyMG+D5m8dcNle8jJOxMvaxx0E/eC656Q+PgP1s7I61PwwBNswwlrTCa1z4ATAHAb55JgWh8nQ6B82TyBjZMw4OSC4zuQE+cne9zLMX4ZI9489GSefymjhnU7TDZ1sljo2nRoJyPGenkdTNR+D2ntkkt5daco7AN6MCT56z0T8WcX4AHME194tIcVDg+zydHmbOOvrInvXl8osb+WcbL7AC4+fMsAyNucG6pGtCzmCxg6d98Qh5W3vq0Qee/4Da6pg3EwEWZ6auZ++WDdnXvzBmgSBEcHT8D83Dn+XA4H/vY6GRzgQ4M/x2oxXrxqMfjexOSdatrFG5fG8a4D8g+mJNm2WmZyCwZ8EaCjcb+jdh7LXhOQB41gkhi6RuIALPDzuwhXVED44vD247SzpU6PDxtKjLsUAfH4h47ieSh58SkUd/+ZU6lOknJMAiTdjdorpicw7hYfjEmNnnwy/AbXoIsOYSvEyS9UNIeGNEyesb8vtH+sE2ApXtkffOyKBPPOWMh/zI1o1NgIUZuw/tS2BIAjym0fzC4hnRAQKS73dFVm9XLhv5QTf2mwYRKuogXHi/bWwSGjitYA0MVHOTECiPhDRFhMtx8hCPIQfCw6scKwgUtumjaZ8y7ldSxllXs9z0AARYhAHMaEICsxBg/5bHFvIAEA+EA3H5XC4YIM4ZFf3SB/4zYZO+Ijg66pBH/08/5g4f2Z1FwO9u0k54UwTKYwuIByKRJ0feayKD/K4esXljtD3nXh8VOI7KZWkkj47+fxIpbPEq64jq+hAAdJ/2tpXAkgiwnxEJfoLUd1zY+WQYQegQnPIer8hqdT+N3NI/9SN5dNjip1fN/GMFI3UEAFxX01oSWA8BfoKESPC4AmGt59teBKo5U9rzHq9aweGSkDb8oY9si7w2+7mO8RME9ixYJ7BYtBECPBDaZSo8T8cxgbDgm+JS8p5XaZT31dMGn20R55vHSjNWKwRYnBI3lIAErhPg+EBsmjfOvxPVun4TiK38xPzjwgbvQ4tAV0sAiLV1rSeBvRLg+SqEK18SctmX0zVseOwiixTvQ/tLTUPr3CGgYN3h4OfGCQw0PUTqR8kWIsblHS9FTNkno7xHP4sW6ZMNLLyPgIJ1HwtjEqghcE9UKkIV0YPjB9pdzrYQKf6M26FxfAz9hH6Y3KZTsLa5rs5qfAIcO1loiojVPm/F5WAZJWduJW54ggDQTxRbJAEJnCDAmVURqlKN563y2VPJPxVi41S5ZXcJVAnW3boGEpBAOwGOo/wNIM+B1dzX4v5Xu0VzWwkAurXATAlIoBMBvgHMl4icfZ0TrS73vToNZquVFaytrqzzmoMAItVFtBC5Ms7cruQZNggoWA0gu08KoC+BNtGq+W2jN94ryCtYFZCsIoGOBJqixUsHz4mWN94rICtYFZCsIoELCLSJVttlnzfeO8BVsDrAsqoEOhJoihb3rPK3iZib8cY73a/LK1jrWi9Huz4CiFZ+awTHXBYpRGx9s5ppxMCbqWu7lcBuCJT3cpXLP+5XEf/UbggMNFEFayCQmpFABQGOt3x2xeuVc7rCxL6rAHDfBC6evQ0lcBEBHl/IN98527rI0B4bKVh7XHXnPDcB7mshVFwWzj2WVfWvYK1quRzsxghw/PEeecQLv7HpDT8dgA1vVYsS2BaBMWfDe+THtL8p2wrWppbTyUhg2wQUrG2vr7OTwKYIKFibWk4nI4FtE5hCsLZN0NlJQAKTEVCwJkNtRxKQQF8CClZfgraXgAQmI6BgTYZ6Hx05SwmMSUDBGpOutiUggUEJKFiD4tSYBCQwJgEFa0y62pbAlgnMMDcFawbodikBCVxG4F4AAAD//ywZowcAAAAGSURBVAMAAE+Z2OUvyiYAAAAASUVORK5CYII='),
(7, 'Rutendo test test', 'tatendamuzenda1@capesso.com', '0771478792', 'uz', 'test', 10, 17, '2025-09-30 22:00:00', 'Masango', '0979002', 'Parent', 'test', 'approved', NULL, '2025-10-09 11:31:33', '2025-10-09 11:34:19', NULL, '75-489163m5033wwww56', 'Female', '42 Mhou Street Zengeza', '2025-09-30 22:00:00', '2025-11-29 22:00:00', 'data:image/png;base64,iVBORw0KGgoAAAANSUhEUgAAASwAAABkCAYAAAA8AQ3AAAAJlElEQVR4Aeydu6vmRBjG421XXVC8gLrCiqidoKA2iq1oYWu5i6KdnZUIVloJllYiu51/gKL2WimCqI0XFGW94AUF7/f3+fzm7HuyyUnyZZLMZH7LTOaSyTvv/ObLwyQnyZ5b8Q8CEIBAJgQQrEwmCjchAIGqQrD4FUAAAtkQQLCymarxjmIBArkTQLByn0H8h0BBBBCsgiaboUIgdwIIVu4ziP8QaCKw0joEa6UTy7AgsEYCCNYaZ5UxQWClBBCslU4sw4LAGgkgWE2zSh0EIJAkAQQryWnBKQhAoIkAgtVEpX/dv9a0Hh+wOgIEIDABAQQrPtQX45vE4nQEsJwTAQQrzmydY2a00rKkUv53ZYgQgEBcAghWHJ5/mhnP8pCVj1kkQAACEQn4kyyi2eJMnbcd8R/bVMmn2hAhAIF4BEYKVjxHVmLpsI3DXxqetDIBAhCIRADBGgfSi1OwdHfIWHrcIgECEIhEAMEaBzIIlrfyhhVCvW7An7YyAQIQiEAAwRoH8ZQ7/AWX91yPuvqcs/gOgcUJ+BNrcWcydOAh5/MJl1f2H2220d+M31aRQAACQwkgWEOJtbfX5Z/fG/5yqLoLtCFCAALjCJQmWLq3pDiO2v6jg726YKnV39ps41/blAQCyRNI1cHSBCvMgxeSUDdFer4z6ldcrposBCDQl0CpgqVxa2X0RV9QB7TrEj9//6qr7QHdsAsCENCJWzKFayIM3t+fahIk/zBp6bwj4MZEyQRKPYG0ugrz3iQyYd/QdMOz4aBfXZ3/66GrJgsBCHQRaDvBuo5b0/4YDLpE6IgBCyLZdHPedhMgAIEuAjFO1q4+Utwv0egSmSF++xvqbXafHGKQthCAwNkEShOssMoRicu12cY2kdnu7pUE2xLDpgOeaqqcse7NGfsqpytGOiuB0gTLw/3RFdpExjXpzPp7Yc90tp6/we3W5c0WCRDIlkBpgqUP7fnJ8iuri/2OHfL+r4WP7XD8HIe8O0cn9AGBqQiUJliXOJASK3/v6Qe3b9ds12XhrnZjHKfxys632hAhkCOBZQVrfmL61roXlV+cC/6pdFc9KOsfEv1w0JHTN35728UV25QEAtkRKE2wNEF+zBepImK80Nm6weVTyN7hnAirLVdFFgLpE/Anb/rexvMwrLK8xRg33mUv2I5lTzZjR/kW47Wk2H5hDwIHEihVsKYc9yeOuC5BXTGprF5LemU+j+gJAuMJTHnijvduWgtTfe7FXwr6vxxOO5p+1uuXgvfaYf5LqVYkQCBdAiULVpOY+GepxsxaqpeF7zUM6kGre8IiAQLJEyhZsDQ5/qVklXVvR+nY+LAzMNVKznXRO3tLS8uln8JvcYvqTAlM5nbpglV/WDSWYPnLrNQYf+Z+TWElqKr65aLqiBBIikBqJ9MScN6ZqNMgBrFEMJab15mhcOkr37yfr9k+AgSSJYBgVdWtVVWFk9ayVaxLOM82tdWLf0hWoqVxK96jDRECqRLwJ1WqPs7h16Ouk5hMghBKFL5zfRyUnWuffGrqyz+t37SfOggsRiDmybnYICJ0/JyzoRM51kvCnq//nI3rbtHssw29N/31tKEZVRCYn4A/oebvPa0e/WVbzM+weLtLj1grPsXgh74q8XUouDQln51bZEsngGCd+QX4LzeoNtyYVn5MTPFpd4nWqe2grra0LlBaZT5u9YSJCWB+GAEEq52X2Iy5AX+pmZYQ1F+wlljYrsXDcedBXay162ltiBBIiYBOypT8Sc0XncgSnSF+qb1ESd/X0kqlfmxTXb3NXGW/iqz7pfLrczlCPxDoQwDBaqbkn4DXiSsB6hvV3lvVcap7yVVK1Fxx9qx8Uqf1+a/7dZcaESGQCoH6DzYVv3r5MWGj9822RKZ+Alt17yBReN5aB8b3W151llSyrRWY8kvE4JP6Dj4prxWlUh+/8QXyEFiSgP/hLulHKn1LSBTDx+50Aqu8SxTbR2oDU12o0j2ukF8i9atIL8w+L7+u1IYIgRQI+BMoBX9K8MELgr+HNPfY9R5lWF1JkL/fOnD9NvXJb75AHgJLEUCw5ievVVvodWn+vv/LzKmvLOrlaC+qVlUd1mbRSOcQMAL+B2tFwkwE/H83VheHqVxoe0TjVdfhVZaXaHlRtapNmMvPTWdsINBEAMFqojJ93SHrwl+OtYmJNYsW2ub6PushXA5atpJonbZM3SddNlo1AQLLEWj7ES/nUTk9v+yGqhXN1CuYIDhBKF33lf7rL/9y9lHbyf9faBAISxBo7xPBamcz9R495vCx60SCIjHRJZmrjp5tu9Gvvwb6/0lHr+xE7xyDEBhDAMEaQ2/8sTeaiSBUlt0EXZK1icqmwQ4bv3o76GsM15rtzy0SIJAkAQQrjWnRPPhHB1TWautEBPfuNBsSRUv2fahQ5aZ4zCrVXp+ekQ9W3AsqK+5VkIHAnAR0YszZH321E9BL0hIKLwgnrblWR29Z2jOc1cy/DzhkvvXpGbWXT2cZpQICSxDQD3KJfumznYDmxF8SSjBus+YSrg8sHRp0vI7xQqjykCgbikOOoS0EohPQyRHdKAZHE9A31yUQXmRUvsksS7gs6RV8W9nsdRCNIJAqAQQr1Zn53y/Nj26S14VL5a5vr/9sJiRylmzuXXnxUh0xfwLFjUAnRHGDzmzAeoBT8yTxkVAF9yVkbSL0kzXSu4KWbIKO32TYQCBnAvyQ85o9zZf/LE0QMQmZj0fcsD5yebIQyJqAToCsB1Cg83pJWULVtrrySL60gu57WUKAQP4EShas3GdPr/NIuA6KesUm93HiPwT2CCBYeyjIQAACqRNAsFKfIfyDAAT2CCBYeyjIrJkAY1sHAQRrHfPIKCBQBAEEq4hpZpAQWAcBBGsd8zjXKMJfJOfqj34gsI9AL8HadwQFCEAAAgsRQLAWAk+3EIDAcAII1nBmHAEBCCxEAMFaCHyy3eIYBBImgGAlPDm4BgEI7CeAYO3nQQkCEEiYAIKV8OTgGgSmJZCfdQQrvznDYwgUSwDBKnbqGTgE8iOAYOU3Z3gMgWIJIFg7Tz0HQgACcxNAsOYmTn8QgMDOBBCsndFxIAQgMDcBBGtu4vSXIwF8ToQAgpXIROAGBCDQTQDB6mZECwhAIBECCFYiE4EbEIBAN4E5BKvbC1pAAAIQ6EEAweoBiSYQgEAaBBCsNOYBLyAAgR4EEKwekGjSnwAtITAlAQRrSrrYhgAEohJAsKLixBgEIDAlAQRrSrrYhsCaCSwwNgRrAeh0CQEI7EbgPwAAAP//ZO6CHAAAAAZJREFUAwDYTtvJr/I8EgAAAABJRU5ErkJggg=='),
(8, 'Tatenda Muzenda', 'tatendamuzenda740@gmail.com', '0771472707', 'UZ', 'eetyay', 25, 159, '2025-11-30 22:00:00', 'Tatenda Muzenda', '0771472707', 'Guardian', 'test', 'pending', NULL, '2025-10-22 00:09:41', '2025-10-22 00:09:41', NULL, '29-2098334N834416dewak', 'Female', '6334 southview', '2025-09-30 22:00:00', '2025-11-29 22:00:00', NULL);

-- Table: student_documents
DELETE FROM `student_documents` WHERE 1=1;

-- Inserting 8 rows into student_documents
INSERT INTO `student_documents` (`id`, `student_id`, `doc_type`, `file_path`, `uploaded_at`, `deleted_at`) VALUES
(14, 44, 'lease_agreement', 'uploads\\student-documents\\document-1759911179983-458699152.pdf', '2025-10-08 08:12:59', NULL),
(15, 44, 'lease_agreement', 'uploads\\student-documents\\document-1759911368280-621430422.pdf', '2025-10-08 08:16:08', NULL),
(16, 45, 'lease_agreement', 'uploads\\student-documents\\document-1759914704868-476618560.pdf', '2025-10-08 09:11:44', NULL),
(17, 46, 'lease_agreement', 'uploads\\student-documents\\document-1759915001232-968535357.pdf', '2025-10-08 09:16:41', NULL),
(18, 47, 'lease_agreement', 'uploads\\student-documents\\document-1759915609457-317793358.pdf', '2025-10-08 09:26:49', NULL),
(19, 52, 'lease_agreement', 'uploads\\student-documents\\document-1759935341458-606687696.pdf', '2025-10-08 14:55:41', NULL),
(20, 59, 'lease_agreement', 'uploads\\student-documents\\document-1760949936183-14013325.pdf', '2025-10-20 08:45:36', NULL),
(21, 60, 'lease_agreement', 'uploads\\student-documents\\document-1760950092084-185601269.pdf', '2025-10-20 08:48:12', NULL);

-- Table: student_enrollments
DELETE FROM `student_enrollments` WHERE 1=1;

-- Inserting 57 rows into student_enrollments
INSERT INTO `student_enrollments` (`id`, `student_id`, `room_id`, `start_date`, `expected_end_date`, `agreed_amount`, `currency`, `notes`, `boarding_house_id`, `created_at`, `deleted_at`, `admin_fee`, `security_deposit`, `checkout_reason`, `checkout_notes`, `checkout_checklist`, `checkout_date`, `checkout_status`) VALUES
(2, 2, 15, '2025-08-31 22:00:00', '2025-11-30 22:00:00', 160.00, 'USD', NULL, 4, '2025-09-05 08:28:43', NULL, 20.00, 0.00, NULL, NULL, NULL, NULL, NULL),
(3, 3, 11, '2025-08-31 22:00:00', '2025-11-30 22:00:00', 180.00, 'USD', NULL, 4, '2025-09-05 08:28:43', NULL, 20.00, 0.00, NULL, NULL, NULL, NULL, NULL),
(4, 4, 17, '2025-08-31 22:00:00', '2025-11-30 22:00:00', 98.00, 'USD', NULL, 4, '2025-09-05 08:28:43', NULL, 20.00, 0.00, NULL, NULL, NULL, NULL, NULL),
(5, 5, 23, '2025-08-31 22:00:00', '2025-11-30 22:00:00', 180.00, 'USD', NULL, 4, '2025-09-05 08:28:43', NULL, 20.00, 0.00, NULL, NULL, NULL, NULL, NULL),
(6, 6, 16, '2025-08-31 22:00:00', '2025-11-30 22:00:00', 160.00, 'USD', NULL, 4, '2025-09-05 08:28:43', NULL, 20.00, 0.00, NULL, NULL, NULL, NULL, NULL),
(7, 7, 20, '2025-08-31 22:00:00', '2025-11-30 22:00:00', 160.00, 'USD', NULL, 4, '2025-09-05 08:28:43', NULL, 20.00, 0.00, NULL, NULL, NULL, NULL, NULL),
(8, 8, 9, '2025-08-31 22:00:00', '2025-11-30 22:00:00', 160.00, 'USD', NULL, 4, '2025-09-05 08:28:43', NULL, 20.00, 0.00, NULL, NULL, NULL, NULL, NULL),
(9, 9, 10, '2025-08-31 22:00:00', '2025-11-30 22:00:00', 160.00, 'USD', NULL, 4, '2025-09-05 08:28:43', NULL, 20.00, 0.00, NULL, NULL, NULL, NULL, NULL),
(10, 10, 9, '2025-08-31 22:00:00', '2025-11-30 22:00:00', 160.00, 'USD', NULL, 4, '2025-09-05 08:28:43', NULL, 20.00, 0.00, NULL, NULL, NULL, NULL, NULL),
(11, 11, 8, '2025-08-31 22:00:00', '2025-11-30 22:00:00', 160.00, 'USD', NULL, 4, '2025-09-05 08:28:43', NULL, 20.00, 0.00, NULL, NULL, NULL, NULL, NULL),
(12, 12, 8, '2025-08-31 22:00:00', '2025-11-30 22:00:00', 180.00, 'USD', NULL, 4, '2025-09-05 08:28:43', NULL, 20.00, 0.00, NULL, NULL, NULL, NULL, NULL),
(13, 13, 20, '2025-08-31 22:00:00', '2025-11-30 22:00:00', 170.00, 'USD', NULL, 4, '2025-09-05 08:28:43', NULL, 20.00, 0.00, NULL, NULL, NULL, NULL, NULL),
(14, 14, 19, '2025-08-31 22:00:00', '2025-11-30 22:00:00', 170.00, 'USD', NULL, 4, '2025-09-05 08:28:43', NULL, 20.00, 0.00, NULL, NULL, NULL, NULL, NULL),
(15, 15, 19, '2025-08-31 22:00:00', '2025-11-30 22:00:00', 170.00, 'USD', NULL, 4, '2025-09-05 08:28:43', NULL, 20.00, 0.00, NULL, NULL, NULL, NULL, NULL),
(16, 16, 11, '2025-08-31 22:00:00', '2025-11-30 22:00:00', 180.00, 'USD', NULL, 4, '2025-09-05 08:28:43', NULL, 20.00, 0.00, NULL, NULL, NULL, NULL, NULL),
(17, 17, 14, '2025-08-31 22:00:00', '2025-11-30 22:00:00', 180.00, 'USD', NULL, 4, '2025-09-05 08:28:43', NULL, 20.00, 0.00, NULL, NULL, NULL, NULL, NULL),
(18, 18, 17, '2025-08-31 22:00:00', '2025-11-30 22:00:00', 180.00, 'USD', NULL, 4, '2025-09-05 08:28:43', NULL, 20.00, 0.00, NULL, NULL, NULL, NULL, NULL),
(19, 19, 43, '2025-08-31 22:00:00', '2025-11-30 22:00:00', 150.00, 'USD', NULL, 5, '2025-09-05 09:21:02', NULL, 20.00, 0.00, NULL, NULL, NULL, NULL, NULL),
(20, 20, 44, '2025-08-31 22:00:00', '2025-11-30 22:00:00', 110.00, 'USD', NULL, 5, '2025-09-05 09:21:02', NULL, 20.00, 0.00, NULL, NULL, NULL, NULL, NULL),
(21, 21, 44, '2025-08-31 22:00:00', '2025-11-30 22:00:00', 110.00, 'USD', NULL, 5, '2025-09-05 09:21:02', NULL, 20.00, 0.00, NULL, NULL, NULL, NULL, NULL),
(22, 22, 44, '2025-08-31 22:00:00', '2025-11-30 22:00:00', 80.00, 'USD', NULL, 5, '2025-09-05 09:21:02', NULL, 20.00, 0.00, NULL, NULL, NULL, NULL, NULL),
(23, 23, 44, '2025-08-31 22:00:00', '2025-11-30 22:00:00', 100.00, 'USD', NULL, 5, '2025-09-05 09:21:02', NULL, 20.00, 0.00, NULL, NULL, NULL, NULL, NULL),
(24, 24, 44, '2025-08-31 22:00:00', '2025-11-30 22:00:00', 16.00, 'USD', NULL, 5, '2025-09-05 09:21:02', NULL, 20.00, 0.00, NULL, NULL, NULL, NULL, NULL),
(25, 25, 44, '2025-08-31 22:00:00', '2025-11-30 22:00:00', 90.00, 'USD', NULL, 5, '2025-09-05 09:21:02', NULL, 20.00, 0.00, NULL, NULL, NULL, NULL, NULL),
(26, 26, 44, '2025-08-31 22:00:00', '2025-11-30 22:00:00', 110.00, 'USD', NULL, 5, '2025-09-05 09:21:02', NULL, 20.00, 0.00, NULL, NULL, NULL, NULL, NULL),
(27, 27, 43, '2025-08-31 22:00:00', '2025-11-30 22:00:00', 150.00, 'USD', NULL, 5, '2025-09-05 09:21:02', NULL, 20.00, 0.00, NULL, NULL, NULL, NULL, NULL),
(28, 28, 44, '2025-08-31 22:00:00', '2025-11-30 22:00:00', 110.00, 'USD', NULL, 5, '2025-09-05 09:21:02', NULL, 20.00, 0.00, NULL, NULL, NULL, NULL, NULL),
(29, 29, 44, '2025-08-31 22:00:00', '2025-11-30 22:00:00', 110.00, 'USD', NULL, 5, '2025-09-05 09:21:02', NULL, 20.00, 0.00, NULL, NULL, NULL, NULL, NULL),
(30, 30, 43, '2025-08-31 22:00:00', '2025-11-30 22:00:00', 150.00, 'USD', NULL, 5, '2025-09-05 09:21:02', NULL, 20.00, 0.00, NULL, NULL, NULL, NULL, NULL),
(31, 31, 44, '2025-08-31 22:00:00', '2025-11-30 22:00:00', 90.00, 'USD', NULL, 5, '2025-09-05 09:21:02', NULL, 20.00, 0.00, NULL, NULL, NULL, NULL, NULL),
(32, 32, 44, '2025-08-31 22:00:00', '2025-11-30 22:00:00', 110.00, 'USD', NULL, 5, '2025-09-05 09:21:02', NULL, 20.00, 0.00, NULL, NULL, NULL, NULL, NULL),
(33, 33, 44, '2025-08-31 22:00:00', '2025-11-30 22:00:00', 80.00, 'USD', NULL, 5, '2025-09-05 09:21:02', NULL, 20.00, 0.00, NULL, NULL, NULL, NULL, NULL),
(34, 34, 44, '2025-08-31 22:00:00', '2025-11-30 22:00:00', 90.00, 'USD', NULL, 5, '2025-09-05 09:21:02', NULL, 20.00, 0.00, NULL, NULL, NULL, NULL, NULL),
(35, 35, 44, '2025-08-31 22:00:00', '2025-11-30 22:00:00', 110.00, 'USD', NULL, 5, '2025-09-05 09:21:02', NULL, 20.00, 0.00, NULL, NULL, NULL, NULL, NULL),
(36, 36, 44, '2025-08-31 22:00:00', '2025-11-30 22:00:00', 80.00, 'USD', NULL, 5, '2025-09-05 09:21:02', NULL, 20.00, 0.00, NULL, NULL, NULL, NULL, NULL),
(37, 37, 44, '2025-08-31 22:00:00', '2025-11-30 22:00:00', 50.00, 'USD', NULL, 5, '2025-09-05 09:21:02', NULL, 20.00, 0.00, NULL, NULL, NULL, NULL, NULL),
(38, 38, 44, '2025-08-31 22:00:00', '2025-11-30 22:00:00', 80.00, 'USD', NULL, 5, '2025-09-05 09:21:02', NULL, 20.00, 0.00, NULL, NULL, NULL, NULL, NULL),
(39, 39, 44, '2025-08-31 22:00:00', '2025-11-30 22:00:00', 110.00, 'USD', NULL, 5, '2025-09-05 09:21:02', NULL, 20.00, 0.00, NULL, NULL, NULL, NULL, NULL),
(40, 40, 44, '2025-08-31 22:00:00', '2025-11-30 22:00:00', 80.00, 'USD', NULL, 5, '2025-09-05 09:21:02', NULL, 20.00, 0.00, NULL, NULL, NULL, NULL, NULL),
(41, 41, 44, '2025-08-31 22:00:00', '2025-11-30 22:00:00', 110.00, 'USD', NULL, 5, '2025-09-05 09:21:02', NULL, 20.00, 0.00, NULL, NULL, NULL, NULL, NULL),
(42, 42, 44, '2025-08-31 22:00:00', '2025-11-30 22:00:00', 100.00, 'USD', NULL, 5, '2025-09-05 09:21:02', NULL, 20.00, 0.00, NULL, NULL, NULL, NULL, NULL),
(43, 43, 44, '2025-08-31 22:00:00', '2025-11-30 22:00:00', 80.00, 'USD', NULL, 5, '2025-09-05 09:21:02', NULL, 20.00, 0.00, NULL, NULL, NULL, NULL, NULL),
(45, 44, 7, '2025-09-30 22:00:00', '2025-10-30 22:00:00', 110.00, 'USD', '', 4, '2025-10-08 08:16:08', NULL, 20.00, 0.00, NULL, NULL, NULL, NULL, NULL),
(46, 45, 10, '2025-09-30 22:00:00', '2025-10-30 22:00:00', 160.00, 'USD', '', 4, '2025-10-08 09:11:44', NULL, 20.00, 0.00, NULL, NULL, NULL, NULL, NULL),
(47, 46, 9, '2025-08-31 22:00:00', '2025-11-29 22:00:00', 160.00, 'USD', '', 4, '2025-10-08 09:16:41', NULL, 20.00, 0.00, NULL, NULL, NULL, NULL, NULL),
(48, 47, 9, '2025-09-30 22:00:00', '2025-11-29 22:00:00', 160.00, 'USD', '', 4, '2025-10-08 09:26:49', NULL, 20.00, 0.00, NULL, NULL, NULL, NULL, NULL),
(49, 48, 43, '2025-09-30 22:00:00', '2025-10-30 22:00:00', 150.00, 'USD', NULL, 5, '2025-10-08 12:26:26', NULL, 0.00, 0.00, NULL, NULL, NULL, NULL, NULL),
(50, 49, 43, '2025-09-30 22:00:00', '2025-10-30 22:00:00', 150.00, 'USD', NULL, 5, '2025-10-08 12:50:35', NULL, 0.00, 0.00, NULL, NULL, NULL, NULL, NULL),
(51, 50, 6, '2025-09-30 22:00:00', '2025-10-30 22:00:00', 110.00, 'USD', NULL, 6, '2025-10-08 13:11:36', NULL, 0.00, 0.00, NULL, NULL, NULL, NULL, NULL),
(52, 51, 6, '2025-09-30 22:00:00', '2025-10-30 22:00:00', 110.00, 'USD', NULL, 6, '2025-10-08 13:25:47', NULL, 0.00, 0.00, NULL, NULL, NULL, NULL, NULL),
(53, 52, 18, '2025-09-30 22:00:00', '2025-11-29 22:00:00', 190.00, 'USD', '', 4, '2025-10-08 14:55:41', NULL, 20.00, 0.00, NULL, NULL, NULL, NULL, NULL),
(54, 53, 9, '2025-09-30 22:00:00', '2025-11-29 22:00:00', 160.00, 'USD', NULL, 4, '2025-10-08 15:39:37', NULL, 0.00, 0.00, NULL, NULL, NULL, NULL, NULL),
(56, 55, 10, '2025-09-30 22:00:00', '2025-10-30 22:00:00', 160.00, 'USD', NULL, 4, '2025-10-08 15:47:06', NULL, 0.00, 0.00, NULL, NULL, NULL, NULL, NULL),
(57, 56, 10, '2025-09-30 22:00:00', '2025-11-29 22:00:00', 160.00, 'USD', NULL, 4, '2025-10-09 10:21:28', NULL, 0.00, 0.00, NULL, NULL, NULL, NULL, NULL),
(58, 57, 10, '2025-09-30 22:00:00', '2025-11-29 22:00:00', 160.00, 'USD', NULL, 4, '2025-10-09 11:32:28', NULL, 0.00, 0.00, NULL, NULL, NULL, NULL, NULL),
(59, 59, 10, '2025-08-31 22:00:00', '2025-11-29 22:00:00', 160.00, 'USD', '', 4, '2025-10-20 08:45:36', NULL, 0.00, 0.00, NULL, NULL, NULL, NULL, NULL),
(60, 60, 18, '2025-08-31 22:00:00', '2025-11-29 22:00:00', 190.00, 'USD', '', 4, '2025-10-20 08:48:12', NULL, 20.00, 0.00, NULL, NULL, NULL, NULL, NULL);

-- Table: student_invoices
DELETE FROM `student_invoices` WHERE 1=1;

-- Inserting 14 rows into student_invoices
INSERT INTO `student_invoices` (`id`, `student_id`, `enrollment_id`, `amount`, `description`, `invoice_date`, `reference_number`, `notes`, `status`, `created_at`, `updated_at`, `deleted_at`) VALUES
(1, 45, 46, 160.00, 'Monthly rent for October 2025', '2025-09-30 22:00:00', 'INV-1759914704942-4c5y1ted9', 'Initial monthly rent invoice for room assignment', 'pending', '2025-10-08 09:11:44', '2025-10-08 09:11:44', NULL),
(2, 46, 47, 160.00, 'Monthly rent for September 2025', '2025-08-31 22:00:00', 'INV-1759915001257-an363fe42', 'Initial monthly rent invoice for room assignment', 'pending', '2025-10-08 09:16:41', '2025-10-08 09:16:41', NULL),
(3, 47, 48, 180.00, 'First month rent + admin fee for October 2025', '2025-09-30 22:00:00', 'INV-1759915609522-67exaxfgx', 'Initial invoice: Monthly rent (USD 160.00) + Admin fee (USD 20.00)', 'pending', '2025-10-08 09:26:49', '2025-10-08 09:26:49', NULL),
(4, 48, 49, 170.00, 'First month rent + admin fee for October 2025', '2025-09-30 22:00:00', 'INV-1759926386206-pnt4g2tmo', 'Initial invoice: Monthly rent (USD 150.00) + Admin fee (USD 20.00)', 'pending', '2025-10-08 12:26:26', '2025-10-08 12:26:26', NULL),
(5, 49, 50, 170.00, 'First month rent + admin fee for October 2025', '2025-09-30 22:00:00', 'INV-1759927835524-84teu4gj3', 'Initial invoice: Monthly rent (USD 150.00) + Admin fee (USD 20.00)', 'pending', '2025-10-08 12:50:35', '2025-10-08 12:50:35', NULL),
(6, 50, 51, 130.00, 'First month rent + admin fee for October 2025', '2025-09-30 22:00:00', 'INV-1759929096832-z8gfo4h0s', 'Initial invoice: Monthly rent (USD 110.00) + Admin fee (USD 20.00)', 'pending', '2025-10-08 13:11:36', '2025-10-08 13:11:36', NULL),
(7, 51, 52, 130.00, 'First month rent + admin fee for October 2025', '2025-09-30 22:00:00', 'INV-1759929947273-kae0hja9j', 'Initial invoice: Monthly rent (USD 110.00) + Admin fee (USD 20.00)', 'pending', '2025-10-08 13:25:47', '2025-10-08 13:25:47', NULL),
(8, 52, 53, 210.00, 'First month rent + admin fee for October 2025', '2025-09-30 22:00:00', 'INV-1759935341525-968zv8vpc', 'Initial invoice: Monthly rent (USD 190.00) + Admin fee (USD 20.00)', 'pending', '2025-10-08 14:55:41', '2025-10-08 14:55:41', NULL),
(9, 53, 54, 180.00, 'First month rent + admin fee for October 2025', '2025-09-30 22:00:00', 'INV-1759937977065-r05aqx70e', 'Initial invoice: Monthly rent (USD 160.00) + Admin fee (USD 20.00)', 'pending', '2025-10-08 15:39:37', '2025-10-08 15:39:37', NULL),
(11, 55, 56, 180.00, 'First month rent + admin fee for October 2025', '2025-09-30 22:00:00', 'INV-1759938426135-wu0vx3oyt', 'Initial invoice: Monthly rent (USD 160.00) + Admin fee (USD 20.00)', 'pending', '2025-10-08 15:47:06', '2025-10-08 15:47:06', NULL),
(12, 56, 57, 180.00, 'First month rent + admin fee for October 2025', '2025-09-30 22:00:00', 'INV-1760005288099-owt86cpni', 'Initial invoice: Monthly rent (USD 160.00) + Admin fee (USD 20.00)', 'pending', '2025-10-09 10:21:28', '2025-10-09 10:21:28', NULL),
(13, 57, 58, 180.00, 'First month rent + admin fee for October 2025', '2025-09-30 22:00:00', 'INV-1760009548500-22vs3r6ik', 'Initial invoice: Monthly rent (USD 160.00) + Admin fee (USD 20.00)', 'pending', '2025-10-09 11:32:28', '2025-10-09 11:32:28', NULL),
(14, 59, 59, 160.00, 'First month rent + admin fee for September 2025', '2025-08-31 22:00:00', 'INV-1760949936275-2lgik8z30', 'Initial invoice: Monthly rent (USD 160.00) + Admin fee (USD 0.00)', 'pending', '2025-10-20 08:45:36', '2025-10-20 08:45:36', NULL),
(15, 60, 60, 210.00, 'First month rent + admin fee for September 2025', '2025-08-31 22:00:00', 'INV-1760950092237-glsj1nkon', 'Initial invoice: Monthly rent (USD 190.00) + Admin fee (USD 20.00)', 'pending', '2025-10-20 08:48:12', '2025-10-20 08:48:12', NULL);

-- Table: student_payment_schedules
DELETE FROM `student_payment_schedules` WHERE 1=1;

-- Inserting 126 rows into student_payment_schedules
INSERT INTO `student_payment_schedules` (`id`, `enrollment_id`, `student_id`, `period_start_date`, `period_end_date`, `amount_due`, `amount_paid`, `currency`, `status`, `notes`, `created_at`, `updated_at`, `deleted_at`) VALUES
(4, 2, 2, '2025-08-31 22:00:00', '2025-09-29 22:00:00', 160.00, 0.00, 'USD', 'pending', NULL, '2025-09-05 08:28:43', '2025-09-05 10:00:45', NULL),
(5, 2, 2, '2025-09-30 22:00:00', '2025-10-30 22:00:00', 160.00, 0.00, 'USD', 'pending', NULL, '2025-09-05 08:28:43', '2025-09-05 10:00:45', NULL),
(6, 2, 2, '2025-10-31 22:00:00', '2025-11-29 22:00:00', 160.00, 0.00, 'USD', 'pending', NULL, '2025-09-05 08:28:43', '2025-09-05 10:00:45', NULL),
(7, 3, 3, '2025-08-31 22:00:00', '2025-09-29 22:00:00', 180.00, 0.00, 'USD', 'pending', NULL, '2025-09-05 08:28:43', '2025-09-05 10:00:45', NULL),
(8, 3, 3, '2025-09-30 22:00:00', '2025-10-30 22:00:00', 180.00, 0.00, 'USD', 'pending', NULL, '2025-09-05 08:28:43', '2025-09-05 10:00:45', NULL),
(9, 3, 3, '2025-10-31 22:00:00', '2025-11-29 22:00:00', 180.00, 0.00, 'USD', 'pending', NULL, '2025-09-05 08:28:43', '2025-09-05 10:00:45', NULL),
(10, 4, 4, '2025-08-31 22:00:00', '2025-09-29 22:00:00', 98.00, 0.00, 'USD', 'pending', NULL, '2025-09-05 08:28:43', '2025-09-05 10:00:45', NULL),
(11, 4, 4, '2025-09-30 22:00:00', '2025-10-30 22:00:00', 98.00, 0.00, 'USD', 'pending', NULL, '2025-09-05 08:28:43', '2025-09-05 10:00:45', NULL),
(12, 4, 4, '2025-10-31 22:00:00', '2025-11-29 22:00:00', 98.00, 0.00, 'USD', 'pending', NULL, '2025-09-05 08:28:43', '2025-09-05 10:00:45', NULL),
(13, 5, 5, '2025-08-31 22:00:00', '2025-09-29 22:00:00', 180.00, 0.00, 'USD', 'pending', NULL, '2025-09-05 08:28:43', '2025-09-05 10:00:45', NULL),
(14, 5, 5, '2025-09-30 22:00:00', '2025-10-30 22:00:00', 180.00, 0.00, 'USD', 'pending', NULL, '2025-09-05 08:28:43', '2025-09-05 10:00:45', NULL),
(15, 5, 5, '2025-10-31 22:00:00', '2025-11-29 22:00:00', 180.00, 0.00, 'USD', 'pending', NULL, '2025-09-05 08:28:43', '2025-09-05 10:00:45', NULL),
(16, 6, 6, '2025-08-31 22:00:00', '2025-09-29 22:00:00', 160.00, 0.00, 'USD', 'pending', NULL, '2025-09-05 08:28:43', '2025-09-05 10:00:45', NULL),
(17, 6, 6, '2025-09-30 22:00:00', '2025-10-30 22:00:00', 160.00, 50.00, 'USD', 'partial', NULL, '2025-09-05 08:28:43', '2025-09-05 10:00:45', NULL),
(18, 6, 6, '2025-10-31 22:00:00', '2025-11-29 22:00:00', 160.00, 0.00, 'USD', 'pending', NULL, '2025-09-05 08:28:43', '2025-09-05 10:00:45', NULL),
(19, 7, 7, '2025-08-31 22:00:00', '2025-09-29 22:00:00', 160.00, 0.00, 'USD', 'pending', NULL, '2025-09-05 08:28:43', '2025-09-05 10:00:45', NULL),
(20, 7, 7, '2025-09-30 22:00:00', '2025-10-30 22:00:00', 160.00, 0.00, 'USD', 'pending', NULL, '2025-09-05 08:28:43', '2025-09-05 10:00:45', NULL),
(21, 7, 7, '2025-10-31 22:00:00', '2025-11-29 22:00:00', 160.00, 0.00, 'USD', 'pending', NULL, '2025-09-05 08:28:43', '2025-09-05 10:00:45', NULL),
(22, 8, 8, '2025-08-31 22:00:00', '2025-09-29 22:00:00', 160.00, 0.00, 'USD', 'pending', NULL, '2025-09-05 08:28:43', '2025-09-05 10:00:45', NULL),
(23, 8, 8, '2025-09-30 22:00:00', '2025-10-30 22:00:00', 160.00, 0.00, 'USD', 'pending', NULL, '2025-09-05 08:28:43', '2025-09-05 10:00:45', NULL),
(24, 8, 8, '2025-10-31 22:00:00', '2025-11-29 22:00:00', 160.00, 0.00, 'USD', 'pending', NULL, '2025-09-05 08:28:43', '2025-09-05 10:00:45', NULL),
(25, 9, 9, '2025-08-31 22:00:00', '2025-09-29 22:00:00', 160.00, 0.00, 'USD', 'pending', NULL, '2025-09-05 08:28:43', '2025-09-05 10:00:45', NULL),
(26, 9, 9, '2025-09-30 22:00:00', '2025-10-30 22:00:00', 160.00, 0.00, 'USD', 'pending', NULL, '2025-09-05 08:28:43', '2025-09-05 10:00:45', NULL),
(27, 9, 9, '2025-10-31 22:00:00', '2025-11-29 22:00:00', 160.00, 0.00, 'USD', 'pending', NULL, '2025-09-05 08:28:43', '2025-09-05 10:00:45', NULL),
(28, 10, 10, '2025-08-31 22:00:00', '2025-09-29 22:00:00', 160.00, 0.00, 'USD', 'pending', NULL, '2025-09-05 08:28:43', '2025-09-05 10:00:45', NULL),
(29, 10, 10, '2025-09-30 22:00:00', '2025-10-30 22:00:00', 160.00, 0.00, 'USD', 'pending', NULL, '2025-09-05 08:28:43', '2025-09-05 10:00:45', NULL),
(30, 10, 10, '2025-10-31 22:00:00', '2025-11-29 22:00:00', 160.00, 0.00, 'USD', 'pending', NULL, '2025-09-05 08:28:43', '2025-09-05 10:00:45', NULL),
(31, 11, 11, '2025-08-31 22:00:00', '2025-09-29 22:00:00', 160.00, 0.00, 'USD', 'pending', NULL, '2025-09-05 08:28:43', '2025-09-05 10:00:45', NULL),
(32, 11, 11, '2025-09-30 22:00:00', '2025-10-30 22:00:00', 160.00, 0.00, 'USD', 'pending', NULL, '2025-09-05 08:28:43', '2025-09-05 10:00:45', NULL),
(33, 11, 11, '2025-10-31 22:00:00', '2025-11-29 22:00:00', 160.00, 0.00, 'USD', 'pending', NULL, '2025-09-05 08:28:43', '2025-09-05 10:00:45', NULL),
(34, 12, 12, '2025-08-31 22:00:00', '2025-09-29 22:00:00', 180.00, 0.00, 'USD', 'pending', NULL, '2025-09-05 08:28:43', '2025-09-05 10:00:45', NULL),
(35, 12, 12, '2025-09-30 22:00:00', '2025-10-30 22:00:00', 180.00, 0.00, 'USD', 'pending', NULL, '2025-09-05 08:28:43', '2025-09-05 10:00:45', NULL),
(36, 12, 12, '2025-10-31 22:00:00', '2025-11-29 22:00:00', 180.00, 0.00, 'USD', 'pending', NULL, '2025-09-05 08:28:43', '2025-09-05 10:00:45', NULL),
(37, 13, 13, '2025-08-31 22:00:00', '2025-09-29 22:00:00', 170.00, 0.00, 'USD', 'pending', NULL, '2025-09-05 08:28:43', '2025-09-05 10:00:45', NULL),
(38, 13, 13, '2025-09-30 22:00:00', '2025-10-30 22:00:00', 170.00, 0.00, 'USD', 'pending', NULL, '2025-09-05 08:28:43', '2025-09-05 10:00:45', NULL),
(39, 13, 13, '2025-10-31 22:00:00', '2025-11-29 22:00:00', 170.00, 0.00, 'USD', 'pending', NULL, '2025-09-05 08:28:43', '2025-09-05 10:00:45', NULL),
(40, 14, 14, '2025-08-31 22:00:00', '2025-09-29 22:00:00', 170.00, 0.00, 'USD', 'pending', NULL, '2025-09-05 08:28:43', '2025-09-05 10:00:45', NULL),
(41, 14, 14, '2025-09-30 22:00:00', '2025-10-30 22:00:00', 170.00, 0.00, 'USD', 'pending', NULL, '2025-09-05 08:28:43', '2025-09-05 10:00:45', NULL),
(42, 14, 14, '2025-10-31 22:00:00', '2025-11-29 22:00:00', 170.00, 0.00, 'USD', 'pending', NULL, '2025-09-05 08:28:43', '2025-09-05 10:00:45', NULL),
(43, 15, 15, '2025-08-31 22:00:00', '2025-09-29 22:00:00', 170.00, 0.00, 'USD', 'pending', NULL, '2025-09-05 08:28:43', '2025-09-05 10:00:45', NULL),
(44, 15, 15, '2025-09-30 22:00:00', '2025-10-30 22:00:00', 170.00, 0.00, 'USD', 'pending', NULL, '2025-09-05 08:28:43', '2025-09-05 10:00:45', NULL),
(45, 15, 15, '2025-10-31 22:00:00', '2025-11-29 22:00:00', 170.00, 0.00, 'USD', 'pending', NULL, '2025-09-05 08:28:43', '2025-09-05 10:00:45', NULL),
(46, 16, 16, '2025-08-31 22:00:00', '2025-09-29 22:00:00', 180.00, 0.00, 'USD', 'pending', NULL, '2025-09-05 08:28:43', '2025-09-05 10:00:45', NULL),
(47, 16, 16, '2025-09-30 22:00:00', '2025-10-30 22:00:00', 180.00, 0.00, 'USD', 'pending', NULL, '2025-09-05 08:28:43', '2025-09-05 10:00:45', NULL),
(48, 16, 16, '2025-10-31 22:00:00', '2025-11-29 22:00:00', 180.00, 0.00, 'USD', 'pending', NULL, '2025-09-05 08:28:43', '2025-09-05 10:00:45', NULL),
(49, 17, 17, '2025-08-31 22:00:00', '2025-09-29 22:00:00', 180.00, 0.00, 'USD', 'pending', NULL, '2025-09-05 08:28:43', '2025-09-05 10:00:45', NULL),
(50, 17, 17, '2025-09-30 22:00:00', '2025-10-30 22:00:00', 180.00, 0.00, 'USD', 'pending', NULL, '2025-09-05 08:28:43', '2025-09-05 10:00:45', NULL),
(51, 17, 17, '2025-10-31 22:00:00', '2025-11-29 22:00:00', 180.00, 0.00, 'USD', 'pending', NULL, '2025-09-05 08:28:43', '2025-09-05 10:00:45', NULL),
(52, 18, 18, '2025-08-31 22:00:00', '2025-09-29 22:00:00', 180.00, 0.00, 'USD', 'pending', NULL, '2025-09-05 08:28:43', '2025-09-05 10:00:45', NULL),
(53, 18, 18, '2025-09-30 22:00:00', '2025-10-30 22:00:00', 180.00, 0.00, 'USD', 'pending', NULL, '2025-09-05 08:28:43', '2025-09-05 10:00:45', NULL),
(54, 18, 18, '2025-10-31 22:00:00', '2025-11-29 22:00:00', 180.00, 0.00, 'USD', 'pending', NULL, '2025-09-05 08:28:43', '2025-09-05 10:00:45', NULL),
(55, 19, 19, '2025-08-31 22:00:00', '2025-09-29 22:00:00', 150.00, 0.00, 'USD', 'pending', NULL, '2025-09-05 09:21:02', '2025-09-05 10:00:45', NULL),
(56, 19, 19, '2025-09-30 22:00:00', '2025-10-30 22:00:00', 150.00, 0.00, 'USD', 'pending', NULL, '2025-09-05 09:21:02', '2025-09-05 10:00:45', NULL),
(57, 19, 19, '2025-10-31 22:00:00', '2025-11-29 22:00:00', 150.00, 0.00, 'USD', 'pending', NULL, '2025-09-05 09:21:02', '2025-09-05 10:00:45', NULL),
(58, 20, 20, '2025-08-31 22:00:00', '2025-09-29 22:00:00', 110.00, 0.00, 'USD', 'pending', NULL, '2025-09-05 09:21:02', '2025-09-05 10:00:45', NULL),
(59, 20, 20, '2025-09-30 22:00:00', '2025-10-30 22:00:00', 110.00, 0.00, 'USD', 'pending', NULL, '2025-09-05 09:21:02', '2025-09-05 10:00:45', NULL),
(60, 20, 20, '2025-10-31 22:00:00', '2025-11-29 22:00:00', 110.00, 0.00, 'USD', 'pending', NULL, '2025-09-05 09:21:02', '2025-09-05 10:00:45', NULL),
(61, 21, 21, '2025-08-31 22:00:00', '2025-09-29 22:00:00', 110.00, 0.00, 'USD', 'pending', NULL, '2025-09-05 09:21:02', '2025-09-05 10:00:45', NULL),
(62, 21, 21, '2025-09-30 22:00:00', '2025-10-30 22:00:00', 110.00, 0.00, 'USD', 'pending', NULL, '2025-09-05 09:21:02', '2025-09-05 10:00:45', NULL),
(63, 21, 21, '2025-10-31 22:00:00', '2025-11-29 22:00:00', 110.00, 0.00, 'USD', 'pending', NULL, '2025-09-05 09:21:02', '2025-09-05 10:00:45', NULL),
(64, 22, 22, '2025-08-31 22:00:00', '2025-09-29 22:00:00', 80.00, 0.00, 'USD', 'pending', NULL, '2025-09-05 09:21:02', '2025-09-05 10:00:45', NULL),
(65, 22, 22, '2025-09-30 22:00:00', '2025-10-30 22:00:00', 80.00, 0.00, 'USD', 'pending', NULL, '2025-09-05 09:21:02', '2025-09-05 10:00:45', NULL),
(66, 22, 22, '2025-10-31 22:00:00', '2025-11-29 22:00:00', 80.00, 0.00, 'USD', 'pending', NULL, '2025-09-05 09:21:02', '2025-09-05 10:00:45', NULL),
(67, 23, 23, '2025-08-31 22:00:00', '2025-09-29 22:00:00', 100.00, 0.00, 'USD', 'pending', NULL, '2025-09-05 09:21:02', '2025-09-05 10:00:45', NULL),
(68, 23, 23, '2025-09-30 22:00:00', '2025-10-30 22:00:00', 100.00, 0.00, 'USD', 'pending', NULL, '2025-09-05 09:21:02', '2025-09-05 10:00:45', NULL),
(69, 23, 23, '2025-10-31 22:00:00', '2025-11-29 22:00:00', 100.00, 0.00, 'USD', 'pending', NULL, '2025-09-05 09:21:02', '2025-09-05 10:00:45', NULL),
(70, 24, 24, '2025-08-31 22:00:00', '2025-09-29 22:00:00', 16.00, 0.00, 'USD', 'pending', NULL, '2025-09-05 09:21:02', '2025-09-05 10:00:45', NULL),
(71, 24, 24, '2025-09-30 22:00:00', '2025-10-30 22:00:00', 16.00, 0.00, 'USD', 'pending', NULL, '2025-09-05 09:21:02', '2025-09-05 10:00:45', NULL),
(72, 24, 24, '2025-10-31 22:00:00', '2025-11-29 22:00:00', 16.00, 0.00, 'USD', 'pending', NULL, '2025-09-05 09:21:02', '2025-09-05 10:00:45', NULL),
(73, 25, 25, '2025-08-31 22:00:00', '2025-09-29 22:00:00', 90.00, 0.00, 'USD', 'pending', NULL, '2025-09-05 09:21:02', '2025-09-05 10:00:45', NULL),
(74, 25, 25, '2025-09-30 22:00:00', '2025-10-30 22:00:00', 90.00, 0.00, 'USD', 'pending', NULL, '2025-09-05 09:21:02', '2025-09-05 10:00:45', NULL),
(75, 25, 25, '2025-10-31 22:00:00', '2025-11-29 22:00:00', 90.00, 0.00, 'USD', 'pending', NULL, '2025-09-05 09:21:02', '2025-09-05 10:00:45', NULL),
(76, 26, 26, '2025-08-31 22:00:00', '2025-09-29 22:00:00', 110.00, 0.00, 'USD', 'pending', NULL, '2025-09-05 09:21:02', '2025-09-05 10:00:45', NULL),
(77, 26, 26, '2025-09-30 22:00:00', '2025-10-30 22:00:00', 110.00, 0.00, 'USD', 'pending', NULL, '2025-09-05 09:21:02', '2025-09-05 10:00:45', NULL),
(78, 26, 26, '2025-10-31 22:00:00', '2025-11-29 22:00:00', 110.00, 0.00, 'USD', 'pending', NULL, '2025-09-05 09:21:02', '2025-09-05 10:00:45', NULL),
(79, 27, 27, '2025-08-31 22:00:00', '2025-09-29 22:00:00', 150.00, 0.00, 'USD', 'pending', NULL, '2025-09-05 09:21:02', '2025-09-05 10:00:45', NULL),
(80, 27, 27, '2025-09-30 22:00:00', '2025-10-30 22:00:00', 150.00, 0.00, 'USD', 'pending', NULL, '2025-09-05 09:21:02', '2025-09-05 10:00:45', NULL),
(81, 27, 27, '2025-10-31 22:00:00', '2025-11-29 22:00:00', 150.00, 0.00, 'USD', 'pending', NULL, '2025-09-05 09:21:02', '2025-09-05 10:00:45', NULL),
(82, 28, 28, '2025-08-31 22:00:00', '2025-09-29 22:00:00', 110.00, 0.00, 'USD', 'pending', NULL, '2025-09-05 09:21:02', '2025-09-05 10:00:45', NULL),
(83, 28, 28, '2025-09-30 22:00:00', '2025-10-30 22:00:00', 110.00, 0.00, 'USD', 'pending', NULL, '2025-09-05 09:21:02', '2025-09-05 10:00:45', NULL),
(84, 28, 28, '2025-10-31 22:00:00', '2025-11-29 22:00:00', 110.00, 0.00, 'USD', 'pending', NULL, '2025-09-05 09:21:02', '2025-09-05 10:00:45', NULL),
(85, 29, 29, '2025-08-31 22:00:00', '2025-09-29 22:00:00', 110.00, 0.00, 'USD', 'pending', NULL, '2025-09-05 09:21:02', '2025-09-05 10:00:45', NULL),
(86, 29, 29, '2025-09-30 22:00:00', '2025-10-30 22:00:00', 110.00, 0.00, 'USD', 'pending', NULL, '2025-09-05 09:21:02', '2025-09-05 10:00:45', NULL),
(87, 29, 29, '2025-10-31 22:00:00', '2025-11-29 22:00:00', 110.00, 0.00, 'USD', 'pending', NULL, '2025-09-05 09:21:02', '2025-09-05 10:00:45', NULL),
(88, 30, 30, '2025-08-31 22:00:00', '2025-09-29 22:00:00', 150.00, 0.00, 'USD', 'pending', NULL, '2025-09-05 09:21:02', '2025-09-05 10:00:45', NULL),
(89, 30, 30, '2025-09-30 22:00:00', '2025-10-30 22:00:00', 150.00, 0.00, 'USD', 'pending', NULL, '2025-09-05 09:21:02', '2025-09-05 10:00:45', NULL),
(90, 30, 30, '2025-10-31 22:00:00', '2025-11-29 22:00:00', 150.00, 0.00, 'USD', 'pending', NULL, '2025-09-05 09:21:02', '2025-09-05 10:00:45', NULL),
(91, 31, 31, '2025-08-31 22:00:00', '2025-09-29 22:00:00', 90.00, 0.00, 'USD', 'pending', NULL, '2025-09-05 09:21:02', '2025-09-05 10:00:45', NULL),
(92, 31, 31, '2025-09-30 22:00:00', '2025-10-30 22:00:00', 90.00, 0.00, 'USD', 'pending', NULL, '2025-09-05 09:21:02', '2025-09-05 10:00:45', NULL),
(93, 31, 31, '2025-10-31 22:00:00', '2025-11-29 22:00:00', 90.00, 0.00, 'USD', 'pending', NULL, '2025-09-05 09:21:02', '2025-09-05 10:00:45', NULL),
(94, 32, 32, '2025-08-31 22:00:00', '2025-09-29 22:00:00', 110.00, 0.00, 'USD', 'pending', NULL, '2025-09-05 09:21:02', '2025-09-05 10:00:45', NULL),
(95, 32, 32, '2025-09-30 22:00:00', '2025-10-30 22:00:00', 110.00, 0.00, 'USD', 'pending', NULL, '2025-09-05 09:21:02', '2025-09-05 10:00:45', NULL),
(96, 32, 32, '2025-10-31 22:00:00', '2025-11-29 22:00:00', 110.00, 0.00, 'USD', 'pending', NULL, '2025-09-05 09:21:02', '2025-09-05 10:00:45', NULL),
(97, 33, 33, '2025-08-31 22:00:00', '2025-09-29 22:00:00', 80.00, 0.00, 'USD', 'pending', NULL, '2025-09-05 09:21:02', '2025-09-05 10:00:45', NULL),
(98, 33, 33, '2025-09-30 22:00:00', '2025-10-30 22:00:00', 80.00, 0.00, 'USD', 'pending', NULL, '2025-09-05 09:21:02', '2025-09-05 10:00:45', NULL),
(99, 33, 33, '2025-10-31 22:00:00', '2025-11-29 22:00:00', 80.00, 0.00, 'USD', 'pending', NULL, '2025-09-05 09:21:02', '2025-09-05 10:00:45', NULL),
(100, 34, 34, '2025-08-31 22:00:00', '2025-09-29 22:00:00', 90.00, 0.00, 'USD', 'pending', NULL, '2025-09-05 09:21:02', '2025-09-05 10:00:45', NULL),
(101, 34, 34, '2025-09-30 22:00:00', '2025-10-30 22:00:00', 90.00, 0.00, 'USD', 'pending', NULL, '2025-09-05 09:21:02', '2025-09-05 10:00:45', NULL),
(102, 34, 34, '2025-10-31 22:00:00', '2025-11-29 22:00:00', 90.00, 0.00, 'USD', 'pending', NULL, '2025-09-05 09:21:02', '2025-09-05 10:00:45', NULL),
(103, 35, 35, '2025-08-31 22:00:00', '2025-09-29 22:00:00', 110.00, 0.00, 'USD', 'pending', NULL, '2025-09-05 09:21:02', '2025-09-05 10:00:45', NULL);

INSERT INTO `student_payment_schedules` (`id`, `enrollment_id`, `student_id`, `period_start_date`, `period_end_date`, `amount_due`, `amount_paid`, `currency`, `status`, `notes`, `created_at`, `updated_at`, `deleted_at`) VALUES
(104, 35, 35, '2025-09-30 22:00:00', '2025-10-30 22:00:00', 110.00, 0.00, 'USD', 'pending', NULL, '2025-09-05 09:21:02', '2025-09-05 10:00:45', NULL),
(105, 35, 35, '2025-10-31 22:00:00', '2025-11-29 22:00:00', 110.00, 0.00, 'USD', 'pending', NULL, '2025-09-05 09:21:02', '2025-09-05 10:00:45', NULL),
(106, 36, 36, '2025-08-31 22:00:00', '2025-09-29 22:00:00', 80.00, 0.00, 'USD', 'pending', NULL, '2025-09-05 09:21:02', '2025-09-05 10:00:45', NULL),
(107, 36, 36, '2025-09-30 22:00:00', '2025-10-30 22:00:00', 80.00, 0.00, 'USD', 'pending', NULL, '2025-09-05 09:21:02', '2025-09-05 10:00:45', NULL),
(108, 36, 36, '2025-10-31 22:00:00', '2025-11-29 22:00:00', 80.00, 0.00, 'USD', 'pending', NULL, '2025-09-05 09:21:02', '2025-09-05 10:00:45', NULL),
(109, 37, 37, '2025-08-31 22:00:00', '2025-09-29 22:00:00', 50.00, 0.00, 'USD', 'pending', NULL, '2025-09-05 09:21:02', '2025-09-05 10:00:45', NULL),
(110, 37, 37, '2025-09-30 22:00:00', '2025-10-30 22:00:00', 50.00, 0.00, 'USD', 'pending', NULL, '2025-09-05 09:21:02', '2025-09-05 10:00:45', NULL),
(111, 37, 37, '2025-10-31 22:00:00', '2025-11-29 22:00:00', 50.00, 0.00, 'USD', 'pending', NULL, '2025-09-05 09:21:02', '2025-09-05 10:00:45', NULL),
(112, 38, 38, '2025-08-31 22:00:00', '2025-09-29 22:00:00', 80.00, 0.00, 'USD', 'pending', NULL, '2025-09-05 09:21:02', '2025-09-05 10:00:45', NULL),
(113, 38, 38, '2025-09-30 22:00:00', '2025-10-30 22:00:00', 80.00, 0.00, 'USD', 'pending', NULL, '2025-09-05 09:21:02', '2025-09-05 10:00:45', NULL),
(114, 38, 38, '2025-10-31 22:00:00', '2025-11-29 22:00:00', 80.00, 0.00, 'USD', 'pending', NULL, '2025-09-05 09:21:02', '2025-09-05 10:00:45', NULL),
(115, 39, 39, '2025-08-31 22:00:00', '2025-09-29 22:00:00', 110.00, 0.00, 'USD', 'pending', NULL, '2025-09-05 09:21:02', '2025-09-05 10:00:45', NULL),
(116, 39, 39, '2025-09-30 22:00:00', '2025-10-30 22:00:00', 110.00, 0.00, 'USD', 'pending', NULL, '2025-09-05 09:21:02', '2025-09-05 10:00:45', NULL),
(117, 39, 39, '2025-10-31 22:00:00', '2025-11-29 22:00:00', 110.00, 0.00, 'USD', 'pending', NULL, '2025-09-05 09:21:02', '2025-09-05 10:00:45', NULL),
(118, 40, 40, '2025-08-31 22:00:00', '2025-09-29 22:00:00', 80.00, 0.00, 'USD', 'pending', NULL, '2025-09-05 09:21:02', '2025-09-05 10:00:45', NULL),
(119, 40, 40, '2025-09-30 22:00:00', '2025-10-30 22:00:00', 80.00, 0.00, 'USD', 'pending', NULL, '2025-09-05 09:21:02', '2025-09-05 10:00:45', NULL),
(120, 40, 40, '2025-10-31 22:00:00', '2025-11-29 22:00:00', 80.00, 0.00, 'USD', 'pending', NULL, '2025-09-05 09:21:02', '2025-09-05 10:00:45', NULL),
(121, 41, 41, '2025-08-31 22:00:00', '2025-09-29 22:00:00', 110.00, 0.00, 'USD', 'pending', NULL, '2025-09-05 09:21:02', '2025-09-05 10:00:45', NULL),
(122, 41, 41, '2025-09-30 22:00:00', '2025-10-30 22:00:00', 110.00, 0.00, 'USD', 'pending', NULL, '2025-09-05 09:21:02', '2025-09-05 10:00:45', NULL),
(123, 41, 41, '2025-10-31 22:00:00', '2025-11-29 22:00:00', 110.00, 0.00, 'USD', 'pending', NULL, '2025-09-05 09:21:02', '2025-09-05 10:00:45', NULL),
(124, 42, 42, '2025-08-31 22:00:00', '2025-09-29 22:00:00', 100.00, 0.00, 'USD', 'pending', NULL, '2025-09-05 09:21:02', '2025-09-05 10:00:45', NULL),
(125, 42, 42, '2025-09-30 22:00:00', '2025-10-30 22:00:00', 100.00, 0.00, 'USD', 'pending', NULL, '2025-09-05 09:21:02', '2025-09-05 10:00:45', NULL),
(126, 42, 42, '2025-10-31 22:00:00', '2025-11-29 22:00:00', 100.00, 0.00, 'USD', 'pending', NULL, '2025-09-05 09:21:02', '2025-09-05 10:00:45', NULL),
(127, 43, 43, '2025-08-31 22:00:00', '2025-09-29 22:00:00', 80.00, 0.00, 'USD', 'pending', NULL, '2025-09-05 09:21:02', '2025-09-05 10:00:45', NULL),
(128, 43, 43, '2025-09-30 22:00:00', '2025-10-30 22:00:00', 80.00, 0.00, 'USD', 'pending', NULL, '2025-09-05 09:21:02', '2025-09-05 10:00:45', NULL),
(129, 43, 43, '2025-10-31 22:00:00', '2025-11-29 22:00:00', 80.00, 0.00, 'USD', 'pending', NULL, '2025-09-05 09:21:02', '2025-09-05 10:00:45', NULL);

-- Table: student_payments
DELETE FROM `student_payments` WHERE 1=1;

-- Inserting 100 rows into student_payments
INSERT INTO `student_payments` (`id`, `student_id`, `enrollment_id`, `schedule_id`, `amount`, `payment_date`, `payment_method`, `reference_number`, `notes`, `created_by`, `created_at`, `updated_at`, `deleted_at`, `payment_type`, `status`, `transaction_id`) VALUES
(1, 2, 2, NULL, 20.00, '2025-08-14 22:00:00', 'cash', 'ADM-2-AUG15', NULL, 1, '2025-09-05 08:28:43', '2025-09-05 10:00:45', NULL, 'admin_fee', 'completed', NULL),
(2, 2, 2, NULL, 160.00, '2025-08-19 22:00:00', 'cash', 'RENT-2-AUG20', NULL, 1, '2025-09-05 08:28:43', '2025-09-05 10:00:45', NULL, 'monthly_rent', 'completed', NULL),
(3, 3, 3, NULL, 20.00, '2025-08-14 22:00:00', 'cash', 'ADM-3-AUG15', NULL, 1, '2025-09-05 08:28:43', '2025-09-05 10:00:45', NULL, 'admin_fee', 'completed', NULL),
(4, 3, 3, NULL, 160.00, '2025-08-19 22:00:00', 'cash', 'RENT-3-AUG20', NULL, 1, '2025-09-05 08:28:43', '2025-09-05 10:00:45', NULL, 'monthly_rent', 'completed', NULL),
(5, 4, 4, NULL, 20.00, '2025-08-14 22:00:00', 'cash', 'ADM-4-AUG15', NULL, 1, '2025-09-05 08:28:43', '2025-09-05 10:00:45', NULL, 'admin_fee', 'completed', NULL),
(6, 4, 4, NULL, 98.00, '2025-08-19 22:00:00', 'cash', 'RENT-4-AUG20', NULL, 1, '2025-09-05 08:28:43', '2025-09-05 10:00:45', NULL, 'monthly_rent', 'completed', NULL),
(7, 5, 5, NULL, 20.00, '2025-08-14 22:00:00', 'cash', 'ADM-5-AUG15', NULL, 1, '2025-09-05 08:28:43', '2025-09-05 10:00:45', NULL, 'admin_fee', 'completed', NULL),
(8, 5, 5, NULL, 160.00, '2025-08-19 22:00:00', 'cash', 'RENT-5-AUG20', NULL, 1, '2025-09-05 08:28:43', '2025-09-05 10:00:45', NULL, 'monthly_rent', 'completed', NULL),
(9, 6, 6, NULL, 20.00, '2025-08-14 22:00:00', 'cash', 'ADM-6-AUG15', NULL, 1, '2025-09-05 08:28:43', '2025-09-05 10:00:45', NULL, 'admin_fee', 'completed', NULL),
(10, 6, 6, NULL, 30.00, '2025-08-19 22:00:00', 'cash', 'RENT-6-AUG20', NULL, 1, '2025-09-05 08:28:43', '2025-09-05 10:00:45', NULL, 'monthly_rent', 'completed', NULL),
(11, 6, 6, NULL, 180.00, '2025-08-24 22:00:00', 'cash', 'ADV-6-AUG25', NULL, 1, '2025-09-05 08:28:43', '2025-09-05 10:00:45', NULL, 'advance', 'completed', NULL),
(12, 7, 7, NULL, 20.00, '2025-08-14 22:00:00', 'cash', 'ADM-7-AUG15', NULL, 1, '2025-09-05 08:28:43', '2025-09-05 10:00:45', NULL, 'admin_fee', 'completed', NULL),
(13, 7, 7, NULL, 150.00, '2025-08-19 22:00:00', 'cash', 'RENT-7-AUG20', NULL, 1, '2025-09-05 08:28:43', '2025-09-05 10:00:45', NULL, 'monthly_rent', 'completed', NULL),
(14, 8, 8, NULL, 20.00, '2025-08-14 22:00:00', 'cash', 'ADM-8-AUG15', NULL, 1, '2025-09-05 08:28:43', '2025-09-05 10:00:45', NULL, 'admin_fee', 'completed', NULL),
(15, 8, 8, NULL, 30.00, '2025-08-19 22:00:00', 'cash', 'RENT-8-AUG20', NULL, 1, '2025-09-05 08:28:43', '2025-09-05 10:00:45', NULL, 'monthly_rent', 'completed', NULL),
(16, 9, 9, NULL, 20.00, '2025-08-14 22:00:00', 'cash', 'ADM-9-AUG15', NULL, 1, '2025-09-05 08:28:43', '2025-09-05 10:00:45', NULL, 'admin_fee', 'completed', NULL),
(17, 9, 9, NULL, 160.00, '2025-08-19 22:00:00', 'cash', 'RENT-9-AUG20', NULL, 1, '2025-09-05 08:28:43', '2025-09-05 10:00:45', NULL, 'monthly_rent', 'completed', NULL),
(18, 10, 10, NULL, 20.00, '2025-08-14 22:00:00', 'cash', 'ADM-10-AUG15', NULL, 1, '2025-09-05 08:28:43', '2025-09-05 10:00:45', NULL, 'admin_fee', 'completed', NULL),
(19, 10, 10, NULL, 30.00, '2025-08-19 22:00:00', 'cash', 'RENT-10-AUG20', NULL, 1, '2025-09-05 08:28:43', '2025-09-05 10:00:45', NULL, 'monthly_rent', 'completed', NULL),
(20, 11, 11, NULL, 20.00, '2025-08-14 22:00:00', 'cash', 'ADM-11-AUG15', NULL, 1, '2025-09-05 08:28:43', '2025-09-05 10:00:45', NULL, 'admin_fee', 'completed', NULL),
(21, 11, 11, NULL, 30.00, '2025-08-19 22:00:00', 'cash', 'RENT-11-AUG20', NULL, 1, '2025-09-05 08:28:43', '2025-09-05 10:00:45', NULL, 'monthly_rent', 'completed', NULL),
(22, 12, 12, NULL, 20.00, '2025-08-14 22:00:00', 'cash', 'ADM-12-AUG15', NULL, 1, '2025-09-05 08:28:43', '2025-09-05 10:00:45', NULL, 'admin_fee', 'completed', NULL),
(23, 12, 12, NULL, 30.00, '2025-08-19 22:00:00', 'cash', 'RENT-12-AUG20', NULL, 1, '2025-09-05 08:28:43', '2025-09-05 10:00:45', NULL, 'monthly_rent', 'completed', NULL),
(24, 13, 13, NULL, 20.00, '2025-08-14 22:00:00', 'cash', 'ADM-13-AUG15', NULL, 1, '2025-09-05 08:28:43', '2025-09-05 10:00:45', NULL, 'admin_fee', 'completed', NULL),
(25, 13, 13, NULL, 20.00, '2025-08-19 22:00:00', 'cash', 'RENT-13-AUG20', NULL, 1, '2025-09-05 08:28:43', '2025-09-05 10:00:45', NULL, 'monthly_rent', 'completed', NULL),
(26, 14, 14, NULL, 20.00, '2025-08-14 22:00:00', 'cash', 'ADM-14-AUG15', NULL, 1, '2025-09-05 08:28:43', '2025-09-05 10:00:45', NULL, 'admin_fee', 'completed', NULL),
(27, 14, 14, NULL, 60.00, '2025-08-19 22:00:00', 'cash', 'RENT-14-AUG20', NULL, 1, '2025-09-05 08:28:43', '2025-09-05 10:00:45', NULL, 'monthly_rent', 'completed', NULL),
(28, 15, 15, NULL, 20.00, '2025-08-14 22:00:00', 'cash', 'ADM-15-AUG15', NULL, 1, '2025-09-05 08:28:43', '2025-09-05 10:00:45', NULL, 'admin_fee', 'completed', NULL),
(29, 15, 15, NULL, 80.00, '2025-08-19 22:00:00', 'cash', 'RENT-15-AUG20', NULL, 1, '2025-09-05 08:28:43', '2025-09-05 10:00:45', NULL, 'monthly_rent', 'completed', NULL),
(30, 16, 16, NULL, 20.00, '2025-08-14 22:00:00', 'cash', 'ADM-16-AUG15', NULL, 1, '2025-09-05 08:28:43', '2025-09-05 10:00:45', NULL, 'admin_fee', 'completed', NULL),
(31, 16, 16, NULL, 180.00, '2025-08-19 22:00:00', 'cash', 'RENT-16-AUG20', NULL, 1, '2025-09-05 08:28:43', '2025-09-05 10:00:45', NULL, 'monthly_rent', 'completed', NULL),
(32, 17, 17, NULL, 20.00, '2025-08-14 22:00:00', 'cash', 'ADM-17-AUG15', NULL, 1, '2025-09-05 08:28:43', '2025-09-05 10:00:45', NULL, 'admin_fee', 'completed', NULL),
(33, 17, 17, NULL, 30.00, '2025-08-19 22:00:00', 'cash', 'RENT-17-AUG20', NULL, 1, '2025-09-05 08:28:43', '2025-09-05 10:00:45', NULL, 'monthly_rent', 'completed', NULL),
(34, 18, 18, NULL, 20.00, '2025-08-14 22:00:00', 'cash', 'ADM-18-AUG15', NULL, 1, '2025-09-05 08:28:43', '2025-09-05 10:00:45', NULL, 'admin_fee', 'completed', NULL),
(35, 18, 18, NULL, 32.00, '2025-08-19 22:00:00', 'cash', 'RENT-18-AUG20', NULL, 1, '2025-09-05 08:28:43', '2025-09-05 10:00:45', NULL, 'monthly_rent', 'completed', NULL),
(36, 19, 19, NULL, 20.00, '2025-08-14 22:00:00', 'cash', 'ADM-19-AUG15', NULL, 1, '2025-09-05 09:21:02', '2025-09-05 10:00:45', NULL, 'admin_fee', 'completed', NULL),
(37, 19, 19, NULL, 55.00, '2025-08-19 22:00:00', 'cash', 'RENT-19-AUG20', NULL, 1, '2025-09-05 09:21:02', '2025-09-05 10:00:45', NULL, 'monthly_rent', 'completed', NULL),
(38, 20, 20, NULL, 20.00, '2025-08-14 22:00:00', 'cash', 'ADM-20-AUG15', NULL, 1, '2025-09-05 09:21:02', '2025-09-05 10:00:45', NULL, 'admin_fee', 'completed', NULL),
(39, 20, 20, NULL, 90.00, '2025-08-19 22:00:00', 'cash', 'RENT-20-AUG20', NULL, 1, '2025-09-05 09:21:02', '2025-09-05 10:00:45', NULL, 'monthly_rent', 'completed', NULL),
(40, 21, 21, NULL, 20.00, '2025-08-14 22:00:00', 'cash', 'ADM-21-AUG15', NULL, 1, '2025-09-05 09:21:02', '2025-09-05 10:00:45', NULL, 'admin_fee', 'completed', NULL),
(41, 21, 21, NULL, 90.00, '2025-08-19 22:00:00', 'cash', 'RENT-21-AUG20', NULL, 1, '2025-09-05 09:21:02', '2025-09-05 10:00:45', NULL, 'monthly_rent', 'completed', NULL),
(42, 22, 22, NULL, 20.00, '2025-08-14 22:00:00', 'cash', 'ADM-22-AUG15', NULL, 1, '2025-09-05 09:21:02', '2025-09-05 10:00:45', NULL, 'admin_fee', 'completed', NULL),
(43, 22, 22, NULL, 60.00, '2025-08-19 22:00:00', 'cash', 'RENT-22-AUG20', NULL, 1, '2025-09-05 09:21:02', '2025-09-05 10:00:45', NULL, 'monthly_rent', 'completed', NULL),
(44, 23, 23, NULL, 20.00, '2025-08-14 22:00:00', 'cash', 'ADM-23-AUG15', NULL, 1, '2025-09-05 09:21:02', '2025-09-05 10:00:45', NULL, 'admin_fee', 'completed', NULL),
(45, 23, 23, NULL, 80.00, '2025-08-19 22:00:00', 'cash', 'RENT-23-AUG20', NULL, 1, '2025-09-05 09:21:02', '2025-09-05 10:00:45', NULL, 'monthly_rent', 'completed', NULL),
(46, 24, 24, NULL, 20.00, '2025-08-14 22:00:00', 'cash', 'ADM-24-AUG15', NULL, 1, '2025-09-05 09:21:02', '2025-09-05 10:00:45', NULL, 'admin_fee', 'completed', NULL),
(47, 25, 25, NULL, 20.00, '2025-08-14 22:00:00', 'cash', 'ADM-25-AUG15', NULL, 1, '2025-09-05 09:21:02', '2025-09-05 10:00:45', NULL, 'admin_fee', 'completed', NULL),
(48, 25, 25, NULL, 70.00, '2025-08-19 22:00:00', 'cash', 'RENT-25-AUG20', NULL, 1, '2025-09-05 09:21:02', '2025-09-05 10:00:45', NULL, 'monthly_rent', 'completed', NULL),
(49, 26, 26, NULL, 20.00, '2025-08-14 22:00:00', 'cash', 'ADM-26-AUG15', NULL, 1, '2025-09-05 09:21:02', '2025-09-05 10:00:45', NULL, 'admin_fee', 'completed', NULL),
(50, 26, 26, NULL, 90.00, '2025-08-19 22:00:00', 'cash', 'RENT-26-AUG20', NULL, 1, '2025-09-05 09:21:02', '2025-09-05 10:00:45', NULL, 'monthly_rent', 'completed', NULL),
(51, 27, 27, NULL, 20.00, '2025-08-14 22:00:00', 'cash', 'ADM-27-AUG15', NULL, 1, '2025-09-05 09:21:02', '2025-09-05 10:00:45', NULL, 'admin_fee', 'completed', NULL),
(52, 27, 27, NULL, 130.00, '2025-08-19 22:00:00', 'cash', 'RENT-27-AUG20', NULL, 1, '2025-09-05 09:21:02', '2025-09-05 10:00:45', NULL, 'monthly_rent', 'completed', NULL),
(53, 28, 28, NULL, 20.00, '2025-08-14 22:00:00', 'cash', 'ADM-28-AUG15', NULL, 1, '2025-09-05 09:21:02', '2025-09-05 10:00:45', NULL, 'admin_fee', 'completed', NULL),
(54, 28, 28, NULL, 90.00, '2025-08-19 22:00:00', 'cash', 'RENT-28-AUG20', NULL, 1, '2025-09-05 09:21:02', '2025-09-05 10:00:45', NULL, 'monthly_rent', 'completed', NULL),
(55, 29, 29, NULL, 20.00, '2025-08-14 22:00:00', 'cash', 'ADM-29-AUG15', NULL, 1, '2025-09-05 09:21:02', '2025-09-05 10:00:45', NULL, 'admin_fee', 'completed', NULL),
(56, 29, 29, NULL, 90.00, '2025-08-19 22:00:00', 'cash', 'RENT-29-AUG20', NULL, 1, '2025-09-05 09:21:02', '2025-09-05 10:00:45', NULL, 'monthly_rent', 'completed', NULL),
(57, 30, 30, NULL, 20.00, '2025-08-14 22:00:00', 'cash', 'ADM-30-AUG15', NULL, 1, '2025-09-05 09:21:02', '2025-09-05 10:00:45', NULL, 'admin_fee', 'completed', NULL),
(58, 30, 30, NULL, 130.00, '2025-08-19 22:00:00', 'cash', 'RENT-30-AUG20', NULL, 1, '2025-09-05 09:21:02', '2025-09-05 10:00:45', NULL, 'monthly_rent', 'completed', NULL),
(59, 31, 31, NULL, 20.00, '2025-08-14 22:00:00', 'cash', 'ADM-31-AUG15', NULL, 1, '2025-09-05 09:21:02', '2025-09-05 10:00:45', NULL, 'admin_fee', 'completed', NULL),
(60, 31, 31, NULL, 70.00, '2025-08-19 22:00:00', 'cash', 'RENT-31-AUG20', NULL, 1, '2025-09-05 09:21:02', '2025-09-05 10:00:45', NULL, 'monthly_rent', 'completed', NULL),
(61, 32, 32, NULL, 20.00, '2025-08-14 22:00:00', 'cash', 'ADM-32-AUG15', NULL, 1, '2025-09-05 09:21:02', '2025-09-05 10:00:45', NULL, 'admin_fee', 'completed', NULL),
(62, 32, 32, NULL, 90.00, '2025-08-19 22:00:00', 'cash', 'RENT-32-AUG20', NULL, 1, '2025-09-05 09:21:02', '2025-09-05 10:00:45', NULL, 'monthly_rent', 'completed', NULL),
(63, 33, 33, NULL, 20.00, '2025-08-14 22:00:00', 'cash', 'ADM-33-AUG15', NULL, 1, '2025-09-05 09:21:02', '2025-09-05 10:00:45', NULL, 'admin_fee', 'completed', NULL),
(64, 33, 33, NULL, 60.00, '2025-08-19 22:00:00', 'cash', 'RENT-33-AUG20', NULL, 1, '2025-09-05 09:21:02', '2025-09-05 10:00:45', NULL, 'monthly_rent', 'completed', NULL),
(65, 34, 34, NULL, 20.00, '2025-08-14 22:00:00', 'cash', 'ADM-34-AUG15', NULL, 1, '2025-09-05 09:21:02', '2025-09-05 10:00:45', NULL, 'admin_fee', 'completed', NULL),
(66, 34, 34, NULL, 70.00, '2025-08-19 22:00:00', 'cash', 'RENT-34-AUG20', NULL, 1, '2025-09-05 09:21:02', '2025-09-05 10:00:45', NULL, 'monthly_rent', 'completed', NULL),
(67, 35, 35, NULL, 20.00, '2025-08-14 22:00:00', 'cash', 'ADM-35-AUG15', NULL, 1, '2025-09-05 09:21:02', '2025-09-05 10:00:45', NULL, 'admin_fee', 'completed', NULL),
(68, 35, 35, NULL, 90.00, '2025-08-19 22:00:00', 'cash', 'RENT-35-AUG20', NULL, 1, '2025-09-05 09:21:02', '2025-09-05 10:00:45', NULL, 'monthly_rent', 'completed', NULL),
(69, 36, 36, NULL, 20.00, '2025-08-14 22:00:00', 'cash', 'ADM-36-AUG15', NULL, 1, '2025-09-05 09:21:02', '2025-09-05 10:00:45', NULL, 'admin_fee', 'completed', NULL),
(70, 36, 36, NULL, 60.00, '2025-08-19 22:00:00', 'cash', 'RENT-36-AUG20', NULL, 1, '2025-09-05 09:21:02', '2025-09-05 10:00:45', NULL, 'monthly_rent', 'completed', NULL),
(71, 37, 37, NULL, 20.00, '2025-08-14 22:00:00', 'cash', 'ADM-37-AUG15', NULL, 1, '2025-09-05 09:21:02', '2025-09-05 10:00:45', NULL, 'admin_fee', 'completed', NULL),
(72, 37, 37, NULL, 30.00, '2025-08-19 22:00:00', 'cash', 'RENT-37-AUG20', NULL, 1, '2025-09-05 09:21:02', '2025-09-05 10:00:45', NULL, 'monthly_rent', 'completed', NULL),
(73, 38, 38, NULL, 20.00, '2025-08-14 22:00:00', 'cash', 'ADM-38-AUG15', NULL, 1, '2025-09-05 09:21:02', '2025-09-05 10:00:45', NULL, 'admin_fee', 'completed', NULL),
(74, 38, 38, NULL, 60.00, '2025-08-19 22:00:00', 'cash', 'RENT-38-AUG20', NULL, 1, '2025-09-05 09:21:02', '2025-09-05 10:00:45', NULL, 'monthly_rent', 'completed', NULL),
(75, 39, 39, NULL, 20.00, '2025-08-14 22:00:00', 'cash', 'ADM-39-AUG15', NULL, 1, '2025-09-05 09:21:02', '2025-09-05 10:00:45', NULL, 'admin_fee', 'completed', NULL),
(76, 39, 39, NULL, 90.00, '2025-08-19 22:00:00', 'cash', 'RENT-39-AUG20', NULL, 1, '2025-09-05 09:21:02', '2025-09-05 10:00:45', NULL, 'monthly_rent', 'completed', NULL),
(77, 40, 40, NULL, 20.00, '2025-08-14 22:00:00', 'cash', 'ADM-40-AUG15', NULL, 1, '2025-09-05 09:21:02', '2025-09-05 10:00:45', NULL, 'admin_fee', 'completed', NULL),
(78, 40, 40, NULL, 60.00, '2025-08-19 22:00:00', 'cash', 'RENT-40-AUG20', NULL, 1, '2025-09-05 09:21:02', '2025-09-05 10:00:45', NULL, 'monthly_rent', 'completed', NULL),
(79, 41, 41, NULL, 20.00, '2025-08-14 22:00:00', 'cash', 'ADM-41-AUG15', NULL, 1, '2025-09-05 09:21:02', '2025-09-05 10:00:45', NULL, 'admin_fee', 'completed', NULL),
(80, 41, 41, NULL, 90.00, '2025-08-19 22:00:00', 'cash', 'RENT-41-AUG20', NULL, 1, '2025-09-05 09:21:02', '2025-09-05 10:00:45', NULL, 'monthly_rent', 'completed', NULL),
(81, 42, 42, NULL, 20.00, '2025-08-14 22:00:00', 'cash', 'ADM-42-AUG15', NULL, 1, '2025-09-05 09:21:02', '2025-09-05 10:00:45', NULL, 'admin_fee', 'completed', NULL),
(82, 42, 42, NULL, 80.00, '2025-08-19 22:00:00', 'cash', 'RENT-42-AUG20', NULL, 1, '2025-09-05 09:21:02', '2025-09-05 10:00:45', NULL, 'monthly_rent', 'completed', NULL),
(83, 43, 43, NULL, 20.00, '2025-08-14 22:00:00', 'cash', 'ADM-43-AUG15', NULL, 1, '2025-09-05 09:21:02', '2025-09-05 10:00:45', NULL, 'admin_fee', 'completed', NULL),
(84, 43, 43, NULL, 60.00, '2025-08-19 22:00:00', 'cash', 'RENT-43-AUG20', NULL, 1, '2025-09-05 09:21:02', '2025-09-05 10:00:45', NULL, 'monthly_rent', 'completed', NULL),
(85, 44, 45, NULL, 130.00, '2025-10-07 22:00:00', 'cash_to_admin', 'PMT-1759912873894', NULL, 1, '2025-10-08 08:41:13', '2025-10-08 08:41:13', NULL, 'monthly_rent', 'completed', 162),
(86, 44, 45, NULL, 130.00, '2025-10-07 22:00:00', 'cash_to_ba', 'PMT-1759913387254', NULL, 1, '2025-10-08 08:49:47', '2025-10-08 08:49:47', NULL, 'monthly_rent', 'completed', 163),
(87, 55, 56, NULL, 120.00, '2025-10-07 22:00:00', 'cash_to_ba', 'PMT-1759938512387', 'test', 1, '2025-10-08 15:48:32', '2025-10-08 15:48:32', NULL, 'monthly_rent', 'completed', 171),
(88, 55, 56, NULL, 19.99, '2025-10-07 22:00:00', 'cash_to_admin', 'PMT-1759938845376', 'test', 1, '2025-10-08 15:54:05', '2025-10-08 15:54:05', NULL, 'monthly_rent', 'completed', 172),
(89, 55, 56, NULL, 10.00, '2025-10-07 22:00:00', 'cash_to_admin', 'PMT-1759939145512', 'TEST', 1, '2025-10-08 15:59:05', '2025-10-08 15:59:05', NULL, 'monthly_rent', 'completed', 173),
(90, 55, 56, NULL, 40.00, '2025-10-07 22:00:00', 'cash_to_admin', 'PMT-1759939408736', NULL, 1, '2025-10-08 16:03:28', '2025-10-08 16:03:28', NULL, 'monthly_rent', 'completed', 174),
(91, 55, 56, NULL, 20.00, '2025-10-07 22:00:00', 'cash_to_admin', 'PMT-1759939764690', 'test', 1, '2025-10-08 16:09:24', '2025-10-08 16:09:24', NULL, 'monthly_rent', 'completed', 175),
(92, 56, 57, NULL, 160.00, '2025-10-08 22:00:00', 'cash_to_ba', 'PMT-1760005468259', 'test', 1, '2025-10-09 10:24:28', '2025-10-09 10:24:28', NULL, 'monthly_rent', 'completed', 177),
(93, 57, 58, NULL, 120.00, '2025-10-08 22:00:00', 'cash_to_ba', 'PMT-1760009738804', 'test', 1, '2025-10-09 11:35:38', '2025-10-09 11:35:38', NULL, 'monthly_rent', 'completed', 179),
(94, 17, 17, NULL, 200.00, '2025-10-11 22:00:00', 'cash', 'BP-5', 'Branch payment recorded by user 2', 2, '2025-10-12 14:36:40', '2025-10-12 14:36:40', NULL, 'branch_payment', 'completed', NULL),
(95, 38, 38, NULL, 200.00, '2025-10-11 22:00:00', 'cash', 'BP-9', 'Branch payment recorded by user 2', 2, '2025-10-12 14:56:53', '2025-10-12 14:56:53', NULL, 'branch_payment', 'completed', NULL),
(96, 38, 38, NULL, 100.00, '2025-10-11 22:00:00', 'cash', 'BP-10', 'Branch payment recorded by user 2', 2, '2025-10-12 15:17:58', '2025-10-12 15:17:58', NULL, 'branch_payment', 'completed', NULL),
(97, 38, 38, NULL, 100.00, '2025-10-11 22:00:00', 'cash', 'BP-11', 'Branch payment recorded by user 2', 2, '2025-10-12 15:22:50', '2025-10-12 15:22:50', NULL, 'branch_payment', 'completed', NULL),
(98, 38, 38, NULL, 300.00, '2025-10-11 22:00:00', 'cash', 'BP-12', 'Branch payment recorded by user 2', 2, '2025-10-12 15:27:14', '2025-10-12 15:27:14', NULL, 'branch_payment', 'completed', NULL),
(103, 17, 17, NULL, 60.00, '2025-10-21 22:00:00', 'cash_to_ba', 'PMT-1761125504497', NULL, 1, '2025-10-22 09:31:44', '2025-10-22 09:31:44', NULL, 'monthly_rent', 'completed', 222),
(104, 17, 17, NULL, 200.00, '2025-10-21 22:00:00', 'cash', 'BP-13', 'Branch payment recorded by user 2', 2, '2025-10-22 09:35:13', '2025-10-22 09:35:13', NULL, 'branch_payment', 'completed', NULL);

-- Table: students
DELETE FROM `students` WHERE 1=1;

-- Inserting 58 rows into students
INSERT INTO `students` (`id`, `student_id`, `password`, `full_name`, `student_number`, `national_id`, `university`, `gender`, `address`, `phone_number`, `boarding_house_id`, `joined_at`, `status`, `created_at`, `deleted_at`) VALUES
(2, NULL, NULL, 'Anita Gwenda', NULL, 'ID001', 'University of Zimbabwe', 'Female', 'Harare, Zimbabwe', '+263304910585', 4, '2024-08-31 22:00:00', 'Active', '2025-09-05 08:28:43', NULL),
(3, NULL, NULL, 'Lillian Chatikobo', NULL, 'ID002', 'University of Zimbabwe', 'Female', 'Harare, Zimbabwe', '+263657301608', 4, '2024-08-31 22:00:00', 'Active', '2025-09-05 08:28:43', NULL),
(4, NULL, NULL, 'Sharon Matanha', NULL, 'ID003', 'University of Zimbabwe', 'Female', 'Harare, Zimbabwe', '+263989292658', 4, '2024-08-31 22:00:00', 'Active', '2025-09-05 08:28:43', NULL),
(5, NULL, NULL, 'Bellis Mapetere', NULL, 'ID004', 'University of Zimbabwe', 'Female', 'Harare, Zimbabwe', '+263807708966', 4, '2024-08-31 22:00:00', 'Active', '2025-09-05 08:28:43', NULL),
(6, NULL, NULL, 'Tatenda Kamatando', NULL, 'ID005', 'University of Zimbabwe', 'Female', 'Harare, Zimbabwe', '+263132563330', 4, '2024-08-31 22:00:00', 'Active', '2025-09-05 08:28:43', NULL),
(7, NULL, NULL, 'Fay Mubaiwa', NULL, 'ID006', 'University of Zimbabwe', 'Female', 'Harare, Zimbabwe', '+263728656304', 4, '2024-08-31 22:00:00', 'Active', '2025-09-05 08:28:43', NULL),
(8, NULL, NULL, 'Tanyaradzwa Manife', NULL, 'ID007', 'University of Zimbabwe', 'Female', 'Harare, Zimbabwe', '+263812723600', 4, '2024-08-31 22:00:00', 'Active', '2025-09-05 08:28:43', NULL),
(9, NULL, NULL, 'Christine Mutsikwa', NULL, 'ID008', 'University of Zimbabwe', 'Female', 'Harare, Zimbabwe', '+263483423611', 4, '2024-08-31 22:00:00', 'Active', '2025-09-05 08:28:43', NULL),
(10, NULL, NULL, 'Bertha Mwangu', NULL, 'ID009', 'University of Zimbabwe', 'Female', 'Harare, Zimbabwe', '+263803512143', 4, '2024-08-31 22:00:00', 'Active', '2025-09-05 08:28:43', NULL),
(11, NULL, NULL, 'Merrylin Makunzva', NULL, 'ID010', 'University of Zimbabwe', 'Female', 'Harare, Zimbabwe', '+263341167055', 4, '2024-08-31 22:00:00', 'Active', '2025-09-05 08:28:43', NULL),
(12, NULL, NULL, 'Shantell Mawarira', NULL, 'ID011', 'University of Zimbabwe', 'Female', 'Harare, Zimbabwe', '+263108235514', 4, '2024-08-31 22:00:00', 'Active', '2025-09-05 08:28:43', NULL),
(13, NULL, NULL, 'Salina Saidi', NULL, 'ID012', 'University of Zimbabwe', 'Female', 'Harare, Zimbabwe', '+263361235898', 4, '2024-08-31 22:00:00', 'Active', '2025-09-05 08:28:43', NULL),
(14, NULL, NULL, 'Tinotenda Bwangangwanyo', NULL, 'ID013', 'University of Zimbabwe', 'Female', 'Harare, Zimbabwe', '+263591103754', 4, '2024-08-31 22:00:00', 'Active', '2025-09-05 08:28:43', NULL),
(15, NULL, NULL, 'Kimberly Nkomo', NULL, 'ID014', 'University of Zimbabwe', 'Female', 'Harare, Zimbabwe', '+263830566149', 4, '2024-08-31 22:00:00', 'Active', '2025-09-05 08:28:43', NULL),
(16, NULL, NULL, 'Kimberly Mutowembwa', NULL, 'ID015', 'University of Zimbabwe', 'Female', 'Harare, Zimbabwe', '+263800565583', 4, '2024-08-31 22:00:00', 'Active', '2025-09-05 08:28:43', NULL),
(17, NULL, NULL, 'Alicia Matamuko', NULL, 'ID016', 'University of Zimbabwe', 'Female', 'Harare, Zimbabwe', '+263581647653', 4, '2024-08-31 22:00:00', 'Active', '2025-09-05 08:28:43', NULL),
(18, NULL, NULL, 'L Moyo', NULL, 'ID017', 'University of Zimbabwe', 'Female', 'Harare, Zimbabwe', '+263291740873', 4, '2024-08-31 22:00:00', 'Active', '2025-09-05 08:28:43', NULL),
(19, NULL, NULL, 'Thandiwe', NULL, 'BEL001', 'University of Zimbabwe', 'Female', 'Harare, Zimbabwe', '+263629512298', 5, '2024-08-31 22:00:00', 'Active', '2025-09-05 09:21:02', NULL),
(20, NULL, NULL, 'Tamia Moyo', NULL, 'BEL002', 'University of Zimbabwe', 'Female', 'Harare, Zimbabwe', '+263514836497', 5, '2024-08-31 22:00:00', 'Active', '2025-09-05 09:21:02', NULL),
(21, NULL, NULL, 'Tinenyasha Gozho', NULL, 'BEL003', 'University of Zimbabwe', 'Female', 'Harare, Zimbabwe', '+263912314512', 5, '2024-08-31 22:00:00', 'Active', '2025-09-05 09:21:02', NULL),
(22, NULL, NULL, 'Candice Gavajena', NULL, 'BEL004', 'University of Zimbabwe', 'Female', 'Harare, Zimbabwe', '+263439956039', 5, '2024-08-31 22:00:00', 'Active', '2025-09-05 09:21:02', NULL),
(23, NULL, NULL, 'Natile Forbes', NULL, 'BEL005', 'University of Zimbabwe', 'Female', 'Harare, Zimbabwe', '+263519477957', 5, '2024-08-31 22:00:00', 'Active', '2025-09-05 09:21:02', NULL),
(24, NULL, NULL, 'Panashe', NULL, 'BEL006', 'University of Zimbabwe', 'Female', 'Harare, Zimbabwe', '+263219596182', 5, '2024-08-31 22:00:00', 'Active', '2025-09-05 09:21:02', NULL),
(25, NULL, NULL, 'Hope chibondwe', NULL, 'BEL007', 'University of Zimbabwe', 'Female', 'Harare, Zimbabwe', '+263380497919', 5, '2024-08-31 22:00:00', 'Active', '2025-09-05 09:21:02', NULL),
(26, NULL, NULL, 'Natilie Dhendere', NULL, 'BEL008', 'University of Zimbabwe', 'Female', 'Harare, Zimbabwe', '+263828276356', 5, '2024-08-31 22:00:00', 'Active', '2025-09-05 09:21:02', NULL),
(27, NULL, NULL, 'Nicole Khumalo', NULL, 'BEL009', 'University of Zimbabwe', 'Female', 'Harare, Zimbabwe', '+263616895588', 5, '2024-08-31 22:00:00', 'Active', '2025-09-05 09:21:02', NULL),
(28, NULL, NULL, 'Martha Buruyoyi', NULL, 'BEL010', 'University of Zimbabwe', 'Female', 'Harare, Zimbabwe', '+263400735608', 5, '2024-08-31 22:00:00', 'Active', '2025-09-05 09:21:02', NULL),
(29, NULL, NULL, 'Chido Dambeni', NULL, 'BEL011', 'University of Zimbabwe', 'Female', 'Harare, Zimbabwe', '+263862475431', 5, '2024-08-31 22:00:00', 'Active', '2025-09-05 09:21:02', NULL),
(30, NULL, NULL, 'Bridget Mugodi', NULL, 'BEL012', 'University of Zimbabwe', 'Female', 'Harare, Zimbabwe', '+263182593648', 5, '2024-08-31 22:00:00', 'Active', '2025-09-05 09:21:02', NULL),
(31, NULL, NULL, 'Tanisha Muziwanhanga', NULL, 'BEL013', 'University of Zimbabwe', 'Female', 'Harare, Zimbabwe', '+263125887370', 5, '2024-08-31 22:00:00', 'Active', '2025-09-05 09:21:02', NULL),
(32, NULL, NULL, 'Joyce Ndlovu', NULL, 'BEL014', 'University of Zimbabwe', 'Female', 'Harare, Zimbabwe', '+263485370080', 5, '2024-08-31 22:00:00', 'Active', '2025-09-05 09:21:02', NULL),
(33, NULL, NULL, 'Rejoice Chikwava', NULL, 'BEL015', 'University of Zimbabwe', 'Female', 'Harare, Zimbabwe', '+263548412784', 5, '2024-08-31 22:00:00', 'Active', '2025-09-05 09:21:02', NULL),
(34, NULL, NULL, 'Panashe Gutuza', NULL, 'BEL016', 'University of Zimbabwe', 'Female', 'Harare, Zimbabwe', '+263842336509', 5, '2024-08-31 22:00:00', 'Active', '2025-09-05 09:21:02', NULL),
(35, NULL, NULL, 'Glander Makambe', NULL, 'BEL017', 'University of Zimbabwe', 'Female', 'Harare, Zimbabwe', '+263996790932', 5, '2024-08-31 22:00:00', 'Active', '2025-09-05 09:21:02', NULL),
(36, NULL, NULL, 'Zvikomberero Gwatidza', NULL, 'BEL018', 'University of Zimbabwe', 'Female', 'Harare, Zimbabwe', '+263412866748', 5, '2024-08-31 22:00:00', 'Active', '2025-09-05 09:21:02', NULL),
(37, NULL, NULL, 'Bella Maramba', NULL, 'BEL019', 'University of Zimbabwe', 'Female', 'Harare, Zimbabwe', '+263559747699', 5, '2024-08-31 22:00:00', 'Active', '2025-09-05 09:21:02', NULL),
(38, NULL, NULL, 'Anita Gavajena', NULL, 'BEL020', 'University of Zimbabwe', 'Female', 'Harare, Zimbabwe', '+263240388106', 5, '2024-08-31 22:00:00', 'Active', '2025-09-05 09:21:02', NULL),
(39, NULL, NULL, 'Panashe Shaya', NULL, 'BEL021', 'University of Zimbabwe', 'Female', 'Harare, Zimbabwe', '+263771157157', 5, '2024-08-31 22:00:00', 'Active', '2025-09-05 09:21:02', NULL),
(40, NULL, NULL, 'Tanataswa Gavajena', NULL, 'BEL022', 'University of Zimbabwe', 'Female', 'Harare, Zimbabwe', '+263362691026', 5, '2024-08-31 22:00:00', 'Active', '2025-09-05 09:21:02', NULL),
(41, NULL, NULL, 'Sandra Nyakura', NULL, 'BEL023', 'University of Zimbabwe', 'Female', 'Harare, Zimbabwe', '+263730161970', 5, '2024-08-31 22:00:00', 'Active', '2025-09-05 09:21:02', NULL),
(42, NULL, NULL, 'Mugove Bumbira', NULL, 'BEL024', 'University of Zimbabwe', 'Female', 'Harare, Zimbabwe', '+263828085016', 5, '2024-08-31 22:00:00', 'Active', '2025-09-05 09:21:02', NULL),
(43, NULL, NULL, 'Geraldine Mumba', NULL, 'BEL025', 'University of Zimbabwe', 'Female', 'Harare, Zimbabwe', '+263707402090', 5, '2024-08-31 22:00:00', 'Active', '2025-09-05 09:21:02', NULL),
(44, 'STU163396', '$2b$10$QOFpOR/I1oj3onBII4lCyOMPXm/68p8Z5C7mRw9KhZS13.QF8rcim', 'Masango', NULL, '75-489163m50', 'Harare Poly', 'Female', '42 Mhou Street Zengeza', '0783543170', 4, '2025-10-07 22:00:00', 'Active', '2025-10-08 07:54:06', NULL),
(45, 'STU489456', '$2b$10$pMc8WEw/Mh3I9jb6J7yh6eJOq.ZkZpV8jFaE.1h95WfRRBz5L.iN6', 'Test', NULL, '75-489163m50e', 'Harare Poly', 'Female', '42 Mhou Street Zengeza', '0783543170', 4, '2025-10-07 22:00:00', 'Active', '2025-10-08 09:10:53', NULL),
(46, 'STU220049', '$2b$10$jtProYUy2gG75rF6J02F3.Y5umk.mBoEIzDQNCSq9Zo7fzma50MZ.', 'Test3', NULL, '75-489163m5033', 'Harare Poly', 'Female', '42 Mhou Street Zengeza', '0783543170', 4, '2025-10-07 22:00:00', 'Active', '2025-10-08 09:15:58', NULL),
(47, 'STU883719', '$2b$10$TWyPJWECe8rBUm8pYWidDuO3eAMv5VS0teL9V/wMSRwoqQKKsjo3W', 'TEST 5', NULL, '75-489163m5033w', 'Harare Poly', 'Female', '42 Mhou Street Zengeza', '0783543170', 4, '2025-10-07 22:00:00', 'Active', '2025-10-08 09:26:05', NULL),
(48, 'STU284405', '$2b$10$2C/4MCIJZHfLQ07yf1TNeeaXyPLpKcbChTBpz1tbo3wa30wOrNxIu', 'test7 test7', NULL, '75-489163m5033wwww', 'uz', 'Male', '42 Mhou Street Zengeza', '0771478792', 5, '2025-10-07 22:00:00', 'Active', '2025-10-08 12:26:26', NULL),
(49, 'STU856780', '$2b$10$iFuYX5m/pAbMhuHxkl97O.DR7nNlxwi4VqvNrjPRnSBgqUm7YzJla', 'test9 Masango', NULL, '75-489163m5033wwwwx', 'uz', 'Female', '42 Mhou Street Zengeza', '0771478792', 5, '2025-10-07 22:00:00', 'Active', '2025-10-08 12:50:35', NULL),
(50, 'STU898066', '$2b$10$V6.Xl9AkMABxP76PJ8CYRucuXnlCR9jZzhAQsW2wsjWZ5pNdL3Kau', 'test10 Masango', NULL, '75-489163m5033wwwwsss', 'uz', 'Male', '42 Mhou Street Zengeza', '0771478792', 6, '2025-10-07 22:00:00', 'Active', '2025-10-08 13:11:36', NULL),
(51, 'STU222634', '$2b$10$9O/q2rSIBgFWOmvQn08f/Oht.U82d3U/V8gBoh0cN675ipBD0U0l6', 'test10 Masango', NULL, '75-489163m5033wwwwsss', 'uz', 'Male', '42 Mhou Street Zengeza', '0771478792', 6, '2025-10-07 22:00:00', 'Active', '2025-10-08 13:25:47', NULL),
(52, 'STU710503', '$2b$10$uffY6fZlLx2GEn5JeerPh.jLSG/O.MAQdG6otfaHTa3oYv6ZmI1Lu', 'test78', NULL, '75-489163m5033wwwwxwwwww', 'wwwww', 'Female', 'wwwww', '0783543170ww', 4, '2025-10-07 22:00:00', 'Active', '2025-10-08 14:52:11', NULL),
(53, 'STU912381', '$2b$10$cp6oaUQvLjf0RAo6nwYiqujH5D3IfBXPPU1Z5yCuSkUPtYX99q0By', 'testing test', NULL, '75-489163m50sss', 'uz', 'Male', '42 Mhou Street Zengeza', '0771478792', 4, '2025-10-07 22:00:00', 'Active', '2025-10-08 15:39:37', NULL),
(55, 'STU785177', '$2b$10$jbDVJAkhC2VNRXZh7HM3XuPx/1Xe9FFmctQFwlskD6oHzXZfS3mWS', 'testing50 testing50', NULL, '75-489163m50ssss', 'uz', 'Male', '42 Mhou Street Zengeza', '0771478792', 4, '2025-10-07 22:00:00', 'Active', '2025-10-08 15:47:06', NULL),
(56, 'STU110211', '$2b$10$f8OshF9r0u7agq4aMd7lmuGSOdoqWZSQrtSGBkC0cxVeWIHFndnUO', 'test90 Masango', NULL, '75-489163m5033w333', 'uz', 'Female', '42 Mhou Street Zengeza', '0771478792', 4, '2025-10-08 22:00:00', 'Active', '2025-10-09 10:21:28', NULL),
(57, 'STU746949', '$2b$10$JWwXpP94obTj1hCxRDLtAONz3Jm9R5wqOgOSWWYBB2kDdqs6pI03i', 'Rutendo test test', NULL, '75-489163m5033wwww56', 'uz', 'Female', '42 Mhou Street Zengeza', '0771478792', 4, '2025-10-08 22:00:00', 'Active', '2025-10-09 11:32:28', NULL),
(58, 'STU642817', '$2b$10$46p95pHjt2akMlVEwEZBv.9McsWzkp9PpPU0UiSM08hBjkJks7bEq', 'tes67', NULL, '75-489163m50essss', 'Harare Poly', 'Female', '42 Mhou Street Zengeza', '0783543170', 4, '2025-10-19 22:00:00', 'Active', '2025-10-20 08:44:27', NULL),
(59, 'STU833332', '$2b$10$8Tcs2z9ySbgVoDpM.w2XmOTuRkkkYeQf8hhh1OvPkHiahwugN5NMa', 'test67', NULL, '75-489163m50e666', 'Harare Poly', 'Female', '42 Mhou Street Zengeza', '0783543170', 4, '2025-10-19 22:00:00', 'Active', '2025-10-20 08:44:56', NULL),
(60, 'STU529307', '$2b$10$qJI1Y.vXAjKmDW0v5MdNHOy34qBSNdjblLiN8ZwZ4LpNNIDBe4rpW', 'test68', NULL, '75-489163m50ewww', 'Harare Poly', 'Female', '42 Mhou Street Zengeza', '0783543170', 4, '2025-10-19 22:00:00', 'Active', '2025-10-20 08:47:32', NULL);

-- Table: suppliers
DELETE FROM `suppliers` WHERE 1=1;

-- Inserting 1 rows into suppliers
INSERT INTO `suppliers` (`id`, `company`, `contact_person`, `phone`, `address`, `category`, `status`, `boarding_house_id`, `created_at`, `updated_at`) VALUES
(2, 'Harare City Council', 'Tatenda Muzenda', '0771472707', '6334 southview', 'Utilities', 'active', 1, '2025-10-14 09:31:34', '2025-10-14 09:31:34');

-- Table: transactions
DELETE FROM `transactions` WHERE 1=1;

-- Inserting 201 rows into transactions
INSERT INTO `transactions` (`id`, `transaction_type`, `student_id`, `reference`, `amount`, `currency`, `description`, `transaction_date`, `boarding_house_id`, `created_by`, `created_at`, `deleted_at`, `status`) VALUES
(1, 'expense', NULL, 'EXP-20250901-222341', 450.00, 'USD', 'EXP-20250901-222341', '2025-07-31 22:00:00', 4, 1, '2025-09-01 20:23:58', NULL, 'posted'),
(2, 'expense', NULL, 'EXP-20250901-223136', 127.00, 'USD', 'EXP-20250901-223136', '2025-08-04 22:00:00', 4, 1, '2025-09-01 20:32:12', NULL, 'posted'),
(3, 'expense', NULL, 'EXP-20250901-223307', 30.00, 'USD', 'EXP-20250901-223307', '2025-08-04 22:00:00', 4, 1, '2025-09-01 20:33:28', NULL, 'posted'),
(4, 'expense', NULL, 'EXP-20250901-223737', 100.00, 'USD', 'EXP-20250901-223737', '2025-08-07 22:00:00', 4, 1, '2025-09-01 20:37:51', NULL, 'posted'),
(5, 'expense', NULL, 'EXP-20250901-224037', 350.00, 'USD', 'Terminte treatment', '2025-08-19 22:00:00', 4, 1, '2025-09-01 20:41:05', NULL, 'posted'),
(6, 'expense', NULL, 'EXP-20250901-224145', 227.00, 'USD', 'Plumbing and washing line', '2025-08-20 22:00:00', 4, 1, '2025-09-01 20:42:11', NULL, 'posted'),
(7, 'opening_balance_set', NULL, 'OB-1756763672368', 2486.55, 'USD', 'Opening Balance Set: Initial balance', '2025-07-31 22:00:00', 7, 1, '2025-09-01 21:54:32', NULL, 'posted'),
(8, 'opening_balance_set', NULL, 'OB-1756763709157', 2800.00, 'USD', 'Opening Balance Set: Initial balance', '2025-07-31 22:00:00', 7, 1, '2025-09-01 21:55:09', NULL, 'posted'),
(9, 'opening_balance_set', NULL, 'OB-1756763739419', 629.19, 'USD', 'Opening Balance Set: Initial balance', '2025-07-31 22:00:00', 7, 1, '2025-09-01 21:55:39', NULL, 'posted'),
(10, 'petty_cash_addition', NULL, 'PCA-2025-08-01-001', 600.00, 'USD', 'Petty cash addition from Cash', '2025-07-31 22:00:00', 1, 1, '2025-07-31 22:00:00', NULL, 'posted'),
(11, 'petty_cash_addition', NULL, 'PCA-2025-08-08-001', 100.00, 'USD', 'Petty cash addition from Cash', '2025-08-07 22:00:00', 1, 1, '2025-08-07 22:00:00', NULL, 'posted'),
(12, 'petty_cash_addition', NULL, 'PCA-2025-08-19-001', 1319.00, 'USD', 'Petty cash addition from Cash', '2025-08-18 22:00:00', 1, 1, '2025-08-18 22:00:00', NULL, 'posted'),
(13, 'overdue_rent', NULL, 'OVERDUE-1757064816377-3px42ksy6', 160.00, 'USD', 'Overdue rent - Anita Gwenda - Schedule ID: 4', '2024-09-29 22:00:00', 4, 1, '2025-09-05 09:33:36', NULL, 'posted'),
(14, 'overdue_rent', NULL, 'OVERDUE-1757064816381-lawmisibe', 160.00, 'USD', 'Overdue rent - Anita Gwenda - Schedule ID: 5', '2024-10-30 22:00:00', 4, 1, '2025-09-05 09:33:36', NULL, 'posted'),
(15, 'overdue_rent', NULL, 'OVERDUE-1757064816384-15ngl5f4u', 160.00, 'USD', 'Overdue rent - Anita Gwenda - Schedule ID: 6', '2024-11-29 22:00:00', 4, 1, '2025-09-05 09:33:36', NULL, 'posted'),
(16, 'overdue_rent', NULL, 'OVERDUE-1757064816385-b3o1rpuk1', 180.00, 'USD', 'Overdue rent - Lillian Chatikobo - Schedule ID: 7', '2024-09-29 22:00:00', 4, 1, '2025-09-05 09:33:36', NULL, 'posted'),
(17, 'overdue_rent', NULL, 'OVERDUE-1757064816389-9wpley0f3', 180.00, 'USD', 'Overdue rent - Lillian Chatikobo - Schedule ID: 8', '2024-10-30 22:00:00', 4, 1, '2025-09-05 09:33:36', NULL, 'posted'),
(18, 'overdue_rent', NULL, 'OVERDUE-1757064816393-8govterr3', 180.00, 'USD', 'Overdue rent - Lillian Chatikobo - Schedule ID: 9', '2024-11-29 22:00:00', 4, 1, '2025-09-05 09:33:36', NULL, 'posted'),
(19, 'overdue_rent', NULL, 'OVERDUE-1757064816396-0z62i5mgh', 98.00, 'USD', 'Overdue rent - Sharon Matanha - Schedule ID: 10', '2024-09-29 22:00:00', 4, 1, '2025-09-05 09:33:36', NULL, 'posted'),
(20, 'overdue_rent', NULL, 'OVERDUE-1757064816398-c5gh4ngi7', 98.00, 'USD', 'Overdue rent - Sharon Matanha - Schedule ID: 11', '2024-10-30 22:00:00', 4, 1, '2025-09-05 09:33:36', NULL, 'posted'),
(21, 'overdue_rent', NULL, 'OVERDUE-1757064816400-6hp7i6t2u', 98.00, 'USD', 'Overdue rent - Sharon Matanha - Schedule ID: 12', '2024-11-29 22:00:00', 4, 1, '2025-09-05 09:33:36', NULL, 'posted'),
(22, 'overdue_rent', NULL, 'OVERDUE-1757064816404-zi8hqj73o', 180.00, 'USD', 'Overdue rent - Bellis Mapetere - Schedule ID: 13', '2024-09-29 22:00:00', 4, 1, '2025-09-05 09:33:36', NULL, 'posted'),
(23, 'overdue_rent', NULL, 'OVERDUE-1757064816410-7kiuc3jeh', 180.00, 'USD', 'Overdue rent - Bellis Mapetere - Schedule ID: 14', '2024-10-30 22:00:00', 4, 1, '2025-09-05 09:33:36', NULL, 'posted'),
(24, 'overdue_rent', NULL, 'OVERDUE-1757064816414-zi9mpzq2c', 180.00, 'USD', 'Overdue rent - Bellis Mapetere - Schedule ID: 15', '2024-11-29 22:00:00', 4, 1, '2025-09-05 09:33:36', NULL, 'posted'),
(25, 'overdue_rent', NULL, 'OVERDUE-1757064816416-xmuoyu5ys', 160.00, 'USD', 'Overdue rent - Tatenda Kamatando - Schedule ID: 16', '2024-09-29 22:00:00', 4, 1, '2025-09-05 09:33:36', NULL, 'posted'),
(26, 'overdue_rent', NULL, 'OVERDUE-1757064816418-o5tlsdhzb', 110.00, 'USD', 'Overdue rent - Tatenda Kamatando - Schedule ID: 17', '2024-10-30 22:00:00', 4, 1, '2025-09-05 09:33:36', NULL, 'posted'),
(27, 'overdue_rent', NULL, 'OVERDUE-1757064816420-aq9q1199u', 160.00, 'USD', 'Overdue rent - Tatenda Kamatando - Schedule ID: 18', '2024-11-29 22:00:00', 4, 1, '2025-09-05 09:33:36', NULL, 'posted'),
(28, 'overdue_rent', NULL, 'OVERDUE-1757064816425-76peq1v3c', 160.00, 'USD', 'Overdue rent - Fay Mubaiwa - Schedule ID: 19', '2024-09-29 22:00:00', 4, 1, '2025-09-05 09:33:36', NULL, 'posted'),
(29, 'overdue_rent', NULL, 'OVERDUE-1757064816428-w7avb0si4', 160.00, 'USD', 'Overdue rent - Fay Mubaiwa - Schedule ID: 20', '2024-10-30 22:00:00', 4, 1, '2025-09-05 09:33:36', NULL, 'posted'),
(30, 'overdue_rent', NULL, 'OVERDUE-1757064816430-ojutgaacw', 160.00, 'USD', 'Overdue rent - Fay Mubaiwa - Schedule ID: 21', '2024-11-29 22:00:00', 4, 1, '2025-09-05 09:33:36', NULL, 'posted'),
(31, 'overdue_rent', NULL, 'OVERDUE-1757064816432-to8v7eq7s', 160.00, 'USD', 'Overdue rent - Tanyaradzwa Manife - Schedule ID: 22', '2024-09-29 22:00:00', 4, 1, '2025-09-05 09:33:36', NULL, 'posted'),
(32, 'overdue_rent', NULL, 'OVERDUE-1757064816435-k8lpeq4y1', 160.00, 'USD', 'Overdue rent - Tanyaradzwa Manife - Schedule ID: 23', '2024-10-30 22:00:00', 4, 1, '2025-09-05 09:33:36', NULL, 'posted'),
(33, 'overdue_rent', NULL, 'OVERDUE-1757064816438-2mr2d2028', 160.00, 'USD', 'Overdue rent - Tanyaradzwa Manife - Schedule ID: 24', '2024-11-29 22:00:00', 4, 1, '2025-09-05 09:33:36', NULL, 'posted'),
(34, 'overdue_rent', NULL, 'OVERDUE-1757064816443-6pu88rjr6', 160.00, 'USD', 'Overdue rent - Christine Mutsikwa - Schedule ID: 25', '2024-09-29 22:00:00', 4, 1, '2025-09-05 09:33:36', NULL, 'posted'),
(35, 'overdue_rent', NULL, 'OVERDUE-1757064816445-l7s5dj3nw', 160.00, 'USD', 'Overdue rent - Christine Mutsikwa - Schedule ID: 26', '2024-10-30 22:00:00', 4, 1, '2025-09-05 09:33:36', NULL, 'posted'),
(36, 'overdue_rent', NULL, 'OVERDUE-1757064816448-g3g6cu0ra', 160.00, 'USD', 'Overdue rent - Christine Mutsikwa - Schedule ID: 27', '2024-11-29 22:00:00', 4, 1, '2025-09-05 09:33:36', NULL, 'posted'),
(37, 'overdue_rent', NULL, 'OVERDUE-1757064816450-mlu0gglw9', 160.00, 'USD', 'Overdue rent - Bertha Mwangu - Schedule ID: 28', '2024-09-29 22:00:00', 4, 1, '2025-09-05 09:33:36', NULL, 'posted'),
(38, 'overdue_rent', NULL, 'OVERDUE-1757064816452-6jr97jykz', 160.00, 'USD', 'Overdue rent - Bertha Mwangu - Schedule ID: 29', '2024-10-30 22:00:00', 4, 1, '2025-09-05 09:33:36', NULL, 'posted'),
(39, 'overdue_rent', NULL, 'OVERDUE-1757064816454-uamxonot9', 160.00, 'USD', 'Overdue rent - Bertha Mwangu - Schedule ID: 30', '2024-11-29 22:00:00', 4, 1, '2025-09-05 09:33:36', NULL, 'posted'),
(40, 'overdue_rent', NULL, 'OVERDUE-1757064816458-87ravd48x', 160.00, 'USD', 'Overdue rent - Merrylin Makunzva - Schedule ID: 31', '2024-09-29 22:00:00', 4, 1, '2025-09-05 09:33:36', NULL, 'posted'),
(41, 'overdue_rent', NULL, 'OVERDUE-1757064816461-eviywco7j', 160.00, 'USD', 'Overdue rent - Merrylin Makunzva - Schedule ID: 32', '2024-10-30 22:00:00', 4, 1, '2025-09-05 09:33:36', NULL, 'posted'),
(42, 'overdue_rent', NULL, 'OVERDUE-1757064816464-lk4emzr0d', 160.00, 'USD', 'Overdue rent - Merrylin Makunzva - Schedule ID: 33', '2024-11-29 22:00:00', 4, 1, '2025-09-05 09:33:36', NULL, 'posted'),
(43, 'overdue_rent', NULL, 'OVERDUE-1757064816466-j9y5gjft5', 180.00, 'USD', 'Overdue rent - Shantell Mawarira - Schedule ID: 34', '2024-09-29 22:00:00', 4, 1, '2025-09-05 09:33:36', NULL, 'posted'),
(44, 'overdue_rent', NULL, 'OVERDUE-1757064816468-wiz2ft3i3', 180.00, 'USD', 'Overdue rent - Shantell Mawarira - Schedule ID: 35', '2024-10-30 22:00:00', 4, 1, '2025-09-05 09:33:36', NULL, 'posted'),
(45, 'overdue_rent', NULL, 'OVERDUE-1757064816469-esz09lcrx', 180.00, 'USD', 'Overdue rent - Shantell Mawarira - Schedule ID: 36', '2024-11-29 22:00:00', 4, 1, '2025-09-05 09:33:36', NULL, 'posted'),
(46, 'overdue_rent', NULL, 'OVERDUE-1757064816474-kkrxmvgy8', 170.00, 'USD', 'Overdue rent - Salina Saidi - Schedule ID: 37', '2024-09-29 22:00:00', 4, 1, '2025-09-05 09:33:36', NULL, 'posted'),
(47, 'overdue_rent', NULL, 'OVERDUE-1757064816478-ks37s9ru9', 170.00, 'USD', 'Overdue rent - Salina Saidi - Schedule ID: 38', '2024-10-30 22:00:00', 4, 1, '2025-09-05 09:33:36', NULL, 'posted'),
(48, 'overdue_rent', NULL, 'OVERDUE-1757064816479-yungyatyk', 170.00, 'USD', 'Overdue rent - Salina Saidi - Schedule ID: 39', '2024-11-29 22:00:00', 4, 1, '2025-09-05 09:33:36', NULL, 'posted'),
(49, 'overdue_rent', NULL, 'OVERDUE-1757064816482-g8cakeoxq', 170.00, 'USD', 'Overdue rent - Tinotenda Bwangangwanyo - Schedule ID: 40', '2024-09-29 22:00:00', 4, 1, '2025-09-05 09:33:36', NULL, 'posted'),
(50, 'overdue_rent', NULL, 'OVERDUE-1757064816484-oljzoa134', 170.00, 'USD', 'Overdue rent - Tinotenda Bwangangwanyo - Schedule ID: 41', '2024-10-30 22:00:00', 4, 1, '2025-09-05 09:33:36', NULL, 'posted'),
(51, 'overdue_rent', NULL, 'OVERDUE-1757064816485-3c4dqrc0l', 170.00, 'USD', 'Overdue rent - Tinotenda Bwangangwanyo - Schedule ID: 42', '2024-11-29 22:00:00', 4, 1, '2025-09-05 09:33:36', NULL, 'posted'),
(52, 'overdue_rent', NULL, 'OVERDUE-1757064816489-g7tw5qeef', 170.00, 'USD', 'Overdue rent - Kimberly Nkomo - Schedule ID: 43', '2024-09-29 22:00:00', 4, 1, '2025-09-05 09:33:36', NULL, 'posted'),
(53, 'overdue_rent', NULL, 'OVERDUE-1757064816494-l3bfpd3dd', 170.00, 'USD', 'Overdue rent - Kimberly Nkomo - Schedule ID: 44', '2024-10-30 22:00:00', 4, 1, '2025-09-05 09:33:36', NULL, 'posted'),
(54, 'overdue_rent', NULL, 'OVERDUE-1757064816497-t1xhp3wtl', 170.00, 'USD', 'Overdue rent - Kimberly Nkomo - Schedule ID: 45', '2024-11-29 22:00:00', 4, 1, '2025-09-05 09:33:36', NULL, 'posted'),
(55, 'overdue_rent', NULL, 'OVERDUE-1757064816501-fq60tnw5d', 180.00, 'USD', 'Overdue rent - Kimberly Mutowembwa - Schedule ID: 46', '2024-09-29 22:00:00', 4, 1, '2025-09-05 09:33:36', NULL, 'posted'),
(56, 'overdue_rent', NULL, 'OVERDUE-1757064816502-k1nvpo80m', 180.00, 'USD', 'Overdue rent - Kimberly Mutowembwa - Schedule ID: 47', '2024-10-30 22:00:00', 4, 1, '2025-09-05 09:33:36', NULL, 'posted'),
(57, 'overdue_rent', NULL, 'OVERDUE-1757064816507-umdtmophg', 180.00, 'USD', 'Overdue rent - Kimberly Mutowembwa - Schedule ID: 48', '2024-11-29 22:00:00', 4, 1, '2025-09-05 09:33:36', NULL, 'posted'),
(58, 'overdue_rent', NULL, 'OVERDUE-1757064816511-qzenijgzz', 180.00, 'USD', 'Overdue rent - Alicia Matamuko - Schedule ID: 49', '2024-09-29 22:00:00', 4, 1, '2025-09-05 09:33:36', NULL, 'posted'),
(59, 'overdue_rent', NULL, 'OVERDUE-1757064816513-iubyik0k6', 180.00, 'USD', 'Overdue rent - Alicia Matamuko - Schedule ID: 50', '2024-10-30 22:00:00', 4, 1, '2025-09-05 09:33:36', NULL, 'posted'),
(60, 'overdue_rent', NULL, 'OVERDUE-1757064816515-fhp6o5rsz', 180.00, 'USD', 'Overdue rent - Alicia Matamuko - Schedule ID: 51', '2024-11-29 22:00:00', 4, 1, '2025-09-05 09:33:36', NULL, 'posted'),
(61, 'overdue_rent', NULL, 'OVERDUE-1757064816517-4mmuxmag7', 180.00, 'USD', 'Overdue rent - L Moyo - Schedule ID: 52', '2024-09-29 22:00:00', 4, 1, '2025-09-05 09:33:36', NULL, 'posted'),
(62, 'overdue_rent', NULL, 'OVERDUE-1757064816519-sfz0o8y6m', 180.00, 'USD', 'Overdue rent - L Moyo - Schedule ID: 53', '2024-10-30 22:00:00', 4, 1, '2025-09-05 09:33:36', NULL, 'posted'),
(63, 'overdue_rent', NULL, 'OVERDUE-1757064816522-2ppv16q8t', 180.00, 'USD', 'Overdue rent - L Moyo - Schedule ID: 54', '2024-11-29 22:00:00', 4, 1, '2025-09-05 09:33:36', NULL, 'posted'),
(64, 'overdue_rent', NULL, 'OVERDUE-1757064816526-i9sn6rq81', 150.00, 'USD', 'Overdue rent - Thandiwe - Schedule ID: 55', '2024-09-29 22:00:00', 5, 1, '2025-09-05 09:33:36', NULL, 'posted'),
(65, 'overdue_rent', NULL, 'OVERDUE-1757064816529-17g2ml4xa', 150.00, 'USD', 'Overdue rent - Thandiwe - Schedule ID: 56', '2024-10-30 22:00:00', 5, 1, '2025-09-05 09:33:36', NULL, 'posted'),
(66, 'overdue_rent', NULL, 'OVERDUE-1757064816531-b72zjwzs9', 150.00, 'USD', 'Overdue rent - Thandiwe - Schedule ID: 57', '2024-11-29 22:00:00', 5, 1, '2025-09-05 09:33:36', NULL, 'posted'),
(67, 'overdue_rent', NULL, 'OVERDUE-1757064816533-0pvevbxyf', 110.00, 'USD', 'Overdue rent - Tamia Moyo - Schedule ID: 58', '2024-09-29 22:00:00', 5, 1, '2025-09-05 09:33:36', NULL, 'posted'),
(68, 'overdue_rent', NULL, 'OVERDUE-1757064816534-x6ektkzsj', 110.00, 'USD', 'Overdue rent - Tamia Moyo - Schedule ID: 59', '2024-10-30 22:00:00', 5, 1, '2025-09-05 09:33:36', NULL, 'posted'),
(69, 'overdue_rent', NULL, 'OVERDUE-1757064816536-ig6nccz9x', 110.00, 'USD', 'Overdue rent - Tamia Moyo - Schedule ID: 60', '2024-11-29 22:00:00', 5, 1, '2025-09-05 09:33:36', NULL, 'posted'),
(70, 'overdue_rent', NULL, 'OVERDUE-1757064816538-3vo5g8fj6', 110.00, 'USD', 'Overdue rent - Tinenyasha Gozho - Schedule ID: 61', '2024-09-29 22:00:00', 5, 1, '2025-09-05 09:33:36', NULL, 'posted'),
(71, 'overdue_rent', NULL, 'OVERDUE-1757064816542-w2l26qixe', 110.00, 'USD', 'Overdue rent - Tinenyasha Gozho - Schedule ID: 62', '2024-10-30 22:00:00', 5, 1, '2025-09-05 09:33:36', NULL, 'posted'),
(72, 'overdue_rent', NULL, 'OVERDUE-1757064816544-v7hbx0dsu', 110.00, 'USD', 'Overdue rent - Tinenyasha Gozho - Schedule ID: 63', '2024-11-29 22:00:00', 5, 1, '2025-09-05 09:33:36', NULL, 'posted'),
(73, 'overdue_rent', NULL, 'OVERDUE-1757064816545-w2tz5squf', 80.00, 'USD', 'Overdue rent - Candice Gavajena - Schedule ID: 64', '2024-09-29 22:00:00', 5, 1, '2025-09-05 09:33:36', NULL, 'posted'),
(74, 'overdue_rent', NULL, 'OVERDUE-1757064816547-99il7ck4n', 80.00, 'USD', 'Overdue rent - Candice Gavajena - Schedule ID: 65', '2024-10-30 22:00:00', 5, 1, '2025-09-05 09:33:36', NULL, 'posted'),
(75, 'overdue_rent', NULL, 'OVERDUE-1757064816548-d07nlenyp', 80.00, 'USD', 'Overdue rent - Candice Gavajena - Schedule ID: 66', '2024-11-29 22:00:00', 5, 1, '2025-09-05 09:33:36', NULL, 'posted'),
(76, 'overdue_rent', NULL, 'OVERDUE-1757064816550-alth6lm0n', 100.00, 'USD', 'Overdue rent - Natile Forbes - Schedule ID: 67', '2024-09-29 22:00:00', 5, 1, '2025-09-05 09:33:36', NULL, 'posted'),
(77, 'overdue_rent', NULL, 'OVERDUE-1757064816551-5zjtbo68o', 100.00, 'USD', 'Overdue rent - Natile Forbes - Schedule ID: 68', '2024-10-30 22:00:00', 5, 1, '2025-09-05 09:33:36', NULL, 'posted'),
(78, 'overdue_rent', NULL, 'OVERDUE-1757064816553-h5xj2ibnx', 100.00, 'USD', 'Overdue rent - Natile Forbes - Schedule ID: 69', '2024-11-29 22:00:00', 5, 1, '2025-09-05 09:33:36', NULL, 'posted'),
(79, 'overdue_rent', NULL, 'OVERDUE-1757064816556-fo072mahy', 16.00, 'USD', 'Overdue rent - Panashe - Schedule ID: 70', '2024-09-29 22:00:00', 5, 1, '2025-09-05 09:33:36', NULL, 'posted'),
(80, 'overdue_rent', NULL, 'OVERDUE-1757064816559-hmdbcvr4s', 16.00, 'USD', 'Overdue rent - Panashe - Schedule ID: 71', '2024-10-30 22:00:00', 5, 1, '2025-09-05 09:33:36', NULL, 'posted'),
(81, 'overdue_rent', NULL, 'OVERDUE-1757064816561-mfyfbn2lb', 16.00, 'USD', 'Overdue rent - Panashe - Schedule ID: 72', '2024-11-29 22:00:00', 5, 1, '2025-09-05 09:33:36', NULL, 'posted'),
(82, 'overdue_rent', NULL, 'OVERDUE-1757064816562-faf1h0i23', 90.00, 'USD', 'Overdue rent - Hope chibondwe - Schedule ID: 73', '2024-09-29 22:00:00', 5, 1, '2025-09-05 09:33:36', NULL, 'posted'),
(83, 'overdue_rent', NULL, 'OVERDUE-1757064816564-qtsm6v4ya', 90.00, 'USD', 'Overdue rent - Hope chibondwe - Schedule ID: 74', '2024-10-30 22:00:00', 5, 1, '2025-09-05 09:33:36', NULL, 'posted'),
(84, 'overdue_rent', NULL, 'OVERDUE-1757064816566-ou2v6fqxy', 90.00, 'USD', 'Overdue rent - Hope chibondwe - Schedule ID: 75', '2024-11-29 22:00:00', 5, 1, '2025-09-05 09:33:36', NULL, 'posted'),
(85, 'overdue_rent', NULL, 'OVERDUE-1757064816567-73wzq7b6w', 110.00, 'USD', 'Overdue rent - Natilie Dhendere - Schedule ID: 76', '2024-09-29 22:00:00', 5, 1, '2025-09-05 09:33:36', NULL, 'posted'),
(86, 'overdue_rent', NULL, 'OVERDUE-1757064816569-3cuyzcnrh', 110.00, 'USD', 'Overdue rent - Natilie Dhendere - Schedule ID: 77', '2024-10-30 22:00:00', 5, 1, '2025-09-05 09:33:36', NULL, 'posted'),
(87, 'overdue_rent', NULL, 'OVERDUE-1757064816570-myj0v4tvj', 110.00, 'USD', 'Overdue rent - Natilie Dhendere - Schedule ID: 78', '2024-11-29 22:00:00', 5, 1, '2025-09-05 09:33:36', NULL, 'posted'),
(88, 'overdue_rent', NULL, 'OVERDUE-1757064816575-h8qfwmeo3', 150.00, 'USD', 'Overdue rent - Nicole Khumalo - Schedule ID: 79', '2024-09-29 22:00:00', 5, 1, '2025-09-05 09:33:36', NULL, 'posted'),
(89, 'overdue_rent', NULL, 'OVERDUE-1757064816577-m83usmt7u', 150.00, 'USD', 'Overdue rent - Nicole Khumalo - Schedule ID: 80', '2024-10-30 22:00:00', 5, 1, '2025-09-05 09:33:36', NULL, 'posted'),
(90, 'overdue_rent', NULL, 'OVERDUE-1757064816579-vismkdm1e', 150.00, 'USD', 'Overdue rent - Nicole Khumalo - Schedule ID: 81', '2024-11-29 22:00:00', 5, 1, '2025-09-05 09:33:36', NULL, 'posted'),
(91, 'overdue_rent', NULL, 'OVERDUE-1757064816580-wc4lk6612', 110.00, 'USD', 'Overdue rent - Martha Buruyoyi - Schedule ID: 82', '2024-09-29 22:00:00', 5, 1, '2025-09-05 09:33:36', NULL, 'posted'),
(92, 'overdue_rent', NULL, 'OVERDUE-1757064816582-pcji0yslr', 110.00, 'USD', 'Overdue rent - Martha Buruyoyi - Schedule ID: 83', '2024-10-30 22:00:00', 5, 1, '2025-09-05 09:33:36', NULL, 'posted'),
(93, 'overdue_rent', NULL, 'OVERDUE-1757064816583-28bbgz87n', 110.00, 'USD', 'Overdue rent - Martha Buruyoyi - Schedule ID: 84', '2024-11-29 22:00:00', 5, 1, '2025-09-05 09:33:36', NULL, 'posted'),
(94, 'overdue_rent', NULL, 'OVERDUE-1757064816584-yk74xvp9i', 110.00, 'USD', 'Overdue rent - Chido Dambeni - Schedule ID: 85', '2024-09-29 22:00:00', 5, 1, '2025-09-05 09:33:36', NULL, 'posted'),
(95, 'overdue_rent', NULL, 'OVERDUE-1757064816586-w6wl88oay', 110.00, 'USD', 'Overdue rent - Chido Dambeni - Schedule ID: 86', '2024-10-30 22:00:00', 5, 1, '2025-09-05 09:33:36', NULL, 'posted'),
(96, 'overdue_rent', NULL, 'OVERDUE-1757064816589-px69s2fhp', 110.00, 'USD', 'Overdue rent - Chido Dambeni - Schedule ID: 87', '2024-11-29 22:00:00', 5, 1, '2025-09-05 09:33:36', NULL, 'posted'),
(97, 'overdue_rent', NULL, 'OVERDUE-1757064816592-mkhhtxczt', 150.00, 'USD', 'Overdue rent - Bridget Mugodi - Schedule ID: 88', '2024-09-29 22:00:00', 5, 1, '2025-09-05 09:33:36', NULL, 'posted'),
(98, 'overdue_rent', NULL, 'OVERDUE-1757064816594-6gia3sese', 150.00, 'USD', 'Overdue rent - Bridget Mugodi - Schedule ID: 89', '2024-10-30 22:00:00', 5, 1, '2025-09-05 09:33:36', NULL, 'posted'),
(99, 'overdue_rent', NULL, 'OVERDUE-1757064816595-wruxifxm8', 150.00, 'USD', 'Overdue rent - Bridget Mugodi - Schedule ID: 90', '2024-11-29 22:00:00', 5, 1, '2025-09-05 09:33:36', NULL, 'posted'),
(100, 'overdue_rent', NULL, 'OVERDUE-1757064816596-6vtofxozi', 90.00, 'USD', 'Overdue rent - Tanisha Muziwanhanga - Schedule ID: 91', '2024-09-29 22:00:00', 5, 1, '2025-09-05 09:33:36', NULL, 'posted');

INSERT INTO `transactions` (`id`, `transaction_type`, `student_id`, `reference`, `amount`, `currency`, `description`, `transaction_date`, `boarding_house_id`, `created_by`, `created_at`, `deleted_at`, `status`) VALUES
(101, 'overdue_rent', NULL, 'OVERDUE-1757064816598-b7lfgpezv', 90.00, 'USD', 'Overdue rent - Tanisha Muziwanhanga - Schedule ID: 92', '2024-10-30 22:00:00', 5, 1, '2025-09-05 09:33:36', NULL, 'posted'),
(102, 'overdue_rent', NULL, 'OVERDUE-1757064816599-2bkhfxj3f', 90.00, 'USD', 'Overdue rent - Tanisha Muziwanhanga - Schedule ID: 93', '2024-11-29 22:00:00', 5, 1, '2025-09-05 09:33:36', NULL, 'posted'),
(103, 'overdue_rent', NULL, 'OVERDUE-1757064816600-8a2mkxdjq', 110.00, 'USD', 'Overdue rent - Joyce Ndlovu - Schedule ID: 94', '2024-09-29 22:00:00', 5, 1, '2025-09-05 09:33:36', NULL, 'posted'),
(104, 'overdue_rent', NULL, 'OVERDUE-1757064816602-ptt694jwy', 110.00, 'USD', 'Overdue rent - Joyce Ndlovu - Schedule ID: 95', '2024-10-30 22:00:00', 5, 1, '2025-09-05 09:33:36', NULL, 'posted'),
(105, 'overdue_rent', NULL, 'OVERDUE-1757064816603-i8z54p720', 110.00, 'USD', 'Overdue rent - Joyce Ndlovu - Schedule ID: 96', '2024-11-29 22:00:00', 5, 1, '2025-09-05 09:33:36', NULL, 'posted'),
(106, 'overdue_rent', NULL, 'OVERDUE-1757064816607-qnfuclrlb', 80.00, 'USD', 'Overdue rent - Rejoice Chikwava - Schedule ID: 97', '2024-09-29 22:00:00', 5, 1, '2025-09-05 09:33:36', NULL, 'posted'),
(107, 'overdue_rent', NULL, 'OVERDUE-1757064816610-amz6pakt8', 80.00, 'USD', 'Overdue rent - Rejoice Chikwava - Schedule ID: 98', '2024-10-30 22:00:00', 5, 1, '2025-09-05 09:33:36', NULL, 'posted'),
(108, 'overdue_rent', NULL, 'OVERDUE-1757064816611-bmbde4zp5', 80.00, 'USD', 'Overdue rent - Rejoice Chikwava - Schedule ID: 99', '2024-11-29 22:00:00', 5, 1, '2025-09-05 09:33:36', NULL, 'posted'),
(109, 'overdue_rent', NULL, 'OVERDUE-1757064816613-5lnq7x1m5', 90.00, 'USD', 'Overdue rent - Panashe Gutuza - Schedule ID: 100', '2024-09-29 22:00:00', 5, 1, '2025-09-05 09:33:36', NULL, 'posted'),
(110, 'overdue_rent', NULL, 'OVERDUE-1757064816614-ipbzf1a13', 90.00, 'USD', 'Overdue rent - Panashe Gutuza - Schedule ID: 101', '2024-10-30 22:00:00', 5, 1, '2025-09-05 09:33:36', NULL, 'posted'),
(111, 'overdue_rent', NULL, 'OVERDUE-1757064816615-vo0h8qqsv', 90.00, 'USD', 'Overdue rent - Panashe Gutuza - Schedule ID: 102', '2024-11-29 22:00:00', 5, 1, '2025-09-05 09:33:36', NULL, 'posted'),
(112, 'overdue_rent', NULL, 'OVERDUE-1757064816617-f3kz6kapz', 110.00, 'USD', 'Overdue rent - Glander Makambe - Schedule ID: 103', '2024-09-29 22:00:00', 5, 1, '2025-09-05 09:33:36', NULL, 'posted'),
(113, 'overdue_rent', NULL, 'OVERDUE-1757064816618-7kdghi7vq', 110.00, 'USD', 'Overdue rent - Glander Makambe - Schedule ID: 104', '2024-10-30 22:00:00', 5, 1, '2025-09-05 09:33:36', NULL, 'posted'),
(114, 'overdue_rent', NULL, 'OVERDUE-1757064816620-rs1m456lb', 110.00, 'USD', 'Overdue rent - Glander Makambe - Schedule ID: 105', '2024-11-29 22:00:00', 5, 1, '2025-09-05 09:33:36', NULL, 'posted'),
(115, 'overdue_rent', NULL, 'OVERDUE-1757064816623-xtqzf3yii', 80.00, 'USD', 'Overdue rent - Zvikomberero Gwatidza - Schedule ID: 106', '2024-09-29 22:00:00', 5, 1, '2025-09-05 09:33:36', NULL, 'posted'),
(116, 'overdue_rent', NULL, 'OVERDUE-1757064816626-l68vbp68x', 80.00, 'USD', 'Overdue rent - Zvikomberero Gwatidza - Schedule ID: 107', '2024-10-30 22:00:00', 5, 1, '2025-09-05 09:33:36', NULL, 'posted'),
(117, 'overdue_rent', NULL, 'OVERDUE-1757064816628-xdjiu578o', 80.00, 'USD', 'Overdue rent - Zvikomberero Gwatidza - Schedule ID: 108', '2024-11-29 22:00:00', 5, 1, '2025-09-05 09:33:36', NULL, 'posted'),
(118, 'overdue_rent', NULL, 'OVERDUE-1757064816629-t1gl4d5vq', 50.00, 'USD', 'Overdue rent - Bella Maramba - Schedule ID: 109', '2024-09-29 22:00:00', 5, 1, '2025-09-05 09:33:36', NULL, 'posted'),
(119, 'overdue_rent', NULL, 'OVERDUE-1757064816631-iyqqih8dv', 50.00, 'USD', 'Overdue rent - Bella Maramba - Schedule ID: 110', '2024-10-30 22:00:00', 5, 1, '2025-09-05 09:33:36', NULL, 'posted'),
(120, 'overdue_rent', NULL, 'OVERDUE-1757064816632-ao9oas39h', 50.00, 'USD', 'Overdue rent - Bella Maramba - Schedule ID: 111', '2024-11-29 22:00:00', 5, 1, '2025-09-05 09:33:36', NULL, 'posted'),
(121, 'overdue_rent', NULL, 'OVERDUE-1757064816634-od8gydusr', 80.00, 'USD', 'Overdue rent - Anita Gavajena - Schedule ID: 112', '2024-09-29 22:00:00', 5, 1, '2025-09-05 09:33:36', NULL, 'posted'),
(122, 'overdue_rent', NULL, 'OVERDUE-1757064816636-3hemwq6ao', 80.00, 'USD', 'Overdue rent - Anita Gavajena - Schedule ID: 113', '2024-10-30 22:00:00', 5, 1, '2025-09-05 09:33:36', NULL, 'posted'),
(123, 'overdue_rent', NULL, 'OVERDUE-1757064816639-7g1y4fyk7', 80.00, 'USD', 'Overdue rent - Anita Gavajena - Schedule ID: 114', '2024-11-29 22:00:00', 5, 1, '2025-09-05 09:33:36', NULL, 'posted'),
(124, 'overdue_rent', NULL, 'OVERDUE-1757064816642-voschces3', 110.00, 'USD', 'Overdue rent - Panashe Shaya - Schedule ID: 115', '2024-09-29 22:00:00', 5, 1, '2025-09-05 09:33:36', NULL, 'posted'),
(125, 'overdue_rent', NULL, 'OVERDUE-1757064816644-wbdq6o6en', 110.00, 'USD', 'Overdue rent - Panashe Shaya - Schedule ID: 116', '2024-10-30 22:00:00', 5, 1, '2025-09-05 09:33:36', NULL, 'posted'),
(126, 'overdue_rent', NULL, 'OVERDUE-1757064816645-pmtpnr0ie', 110.00, 'USD', 'Overdue rent - Panashe Shaya - Schedule ID: 117', '2024-11-29 22:00:00', 5, 1, '2025-09-05 09:33:36', NULL, 'posted'),
(127, 'overdue_rent', NULL, 'OVERDUE-1757064816647-hbop3afl2', 80.00, 'USD', 'Overdue rent - Tanataswa Gavajena - Schedule ID: 118', '2024-09-29 22:00:00', 5, 1, '2025-09-05 09:33:36', NULL, 'posted'),
(128, 'overdue_rent', NULL, 'OVERDUE-1757064816648-8yn9es95q', 80.00, 'USD', 'Overdue rent - Tanataswa Gavajena - Schedule ID: 119', '2024-10-30 22:00:00', 5, 1, '2025-09-05 09:33:36', NULL, 'posted'),
(129, 'overdue_rent', NULL, 'OVERDUE-1757064816650-qk3vri4vb', 80.00, 'USD', 'Overdue rent - Tanataswa Gavajena - Schedule ID: 120', '2024-11-29 22:00:00', 5, 1, '2025-09-05 09:33:36', NULL, 'posted'),
(130, 'overdue_rent', NULL, 'OVERDUE-1757064816651-m25pvan8z', 110.00, 'USD', 'Overdue rent - Sandra Nyakura - Schedule ID: 121', '2024-09-29 22:00:00', 5, 1, '2025-09-05 09:33:36', NULL, 'posted'),
(131, 'overdue_rent', NULL, 'OVERDUE-1757064816652-47hxwbmrd', 110.00, 'USD', 'Overdue rent - Sandra Nyakura - Schedule ID: 122', '2024-10-30 22:00:00', 5, 1, '2025-09-05 09:33:36', NULL, 'posted'),
(132, 'overdue_rent', NULL, 'OVERDUE-1757064816654-wj1yfymyg', 110.00, 'USD', 'Overdue rent - Sandra Nyakura - Schedule ID: 123', '2024-11-29 22:00:00', 5, 1, '2025-09-05 09:33:36', NULL, 'posted'),
(133, 'overdue_rent', NULL, 'OVERDUE-1757064816658-xwwpg1n4s', 100.00, 'USD', 'Overdue rent - Mugove Bumbira - Schedule ID: 124', '2024-09-29 22:00:00', 5, 1, '2025-09-05 09:33:36', NULL, 'posted'),
(134, 'overdue_rent', NULL, 'OVERDUE-1757064816660-u7zba6uss', 100.00, 'USD', 'Overdue rent - Mugove Bumbira - Schedule ID: 125', '2024-10-30 22:00:00', 5, 1, '2025-09-05 09:33:36', NULL, 'posted'),
(135, 'overdue_rent', NULL, 'OVERDUE-1757064816661-0to3sn0yh', 100.00, 'USD', 'Overdue rent - Mugove Bumbira - Schedule ID: 126', '2024-11-29 22:00:00', 5, 1, '2025-09-05 09:33:36', NULL, 'posted'),
(136, 'overdue_rent', NULL, 'OVERDUE-1757064816663-37hpx3mgb', 80.00, 'USD', 'Overdue rent - Geraldine Mumba - Schedule ID: 127', '2024-09-29 22:00:00', 5, 1, '2025-09-05 09:33:36', NULL, 'posted'),
(137, 'overdue_rent', NULL, 'OVERDUE-1757064816664-ngowp56ji', 80.00, 'USD', 'Overdue rent - Geraldine Mumba - Schedule ID: 128', '2024-10-30 22:00:00', 5, 1, '2025-09-05 09:33:36', NULL, 'posted'),
(138, 'overdue_rent', NULL, 'OVERDUE-1757064816666-nk3ipg96g', 80.00, 'USD', 'Overdue rent - Geraldine Mumba - Schedule ID: 129', '2024-11-29 22:00:00', 5, 1, '2025-09-05 09:33:36', NULL, 'posted'),
(140, 'student_payment', NULL, 'STU-PAY-4-1757065908398', 1960.00, 'USD', 'Student payments - Boarding House 4', '2025-08-19 22:00:00', 4, 1, '2025-09-05 09:51:48', NULL, 'posted'),
(141, 'student_payment', NULL, 'STU-PAY-5-1757065908405', 2381.00, 'USD', 'Student payments - Boarding House 5', '2025-08-19 22:00:00', 5, 1, '2025-09-05 09:51:48', NULL, 'posted'),
(142, 'petty_cash_addition', NULL, '16789H', 3.00, 'USD', 'Petty Cash Addition: Balance c/d august', '2025-07-31 22:00:00', 5, 1, '2025-09-07 18:45:17', NULL, 'posted'),
(143, 'petty_cash_addition', NULL, 'NYOUENAO', 70.00, 'USD', 'Petty Cash Addition: Petty cash replinishment', '2025-08-01 22:00:00', 5, 1, '2025-09-07 18:46:15', NULL, 'posted'),
(144, 'expense', NULL, 'EXP-20250907-204653', 20.00, 'USD', 'House-keeping', '2025-08-04 22:00:00', 5, 1, '2025-09-07 18:47:26', NULL, 'posted'),
(145, 'expense', NULL, 'EXP-20250907-204848', 49.00, 'USD', 'Cleaning supplies', '2025-08-04 22:00:00', 5, 1, '2025-09-07 18:49:20', NULL, 'posted'),
(146, 'petty_cash_addition', NULL, 'PETTYCASH', 170.00, 'USD', 'Petty Cash Addition: PETTY CASH REPLENISHMENT', '2025-08-13 22:00:00', 5, 1, '2025-09-07 18:50:33', NULL, 'posted'),
(147, 'expense', NULL, 'EXP-20250907-205126', 169.00, 'USD', 'Modern relocation', '2025-08-13 22:00:00', 5, 1, '2025-09-07 18:51:54', NULL, 'posted'),
(148, 'petty_cash_addition', NULL, 'Petty Cash', 120.00, 'USD', 'Petty Cash Addition: Petty Cash', '2025-08-19 22:00:00', 5, 1, '2025-09-07 18:52:19', NULL, 'posted'),
(149, 'expense', NULL, 'EXP-20250907-210245', 90.00, 'USD', 'Gas', '2025-08-03 22:00:00', 5, 1, '2025-09-07 19:03:09', NULL, 'posted'),
(150, 'expense', NULL, 'EXP-20250907-210537', 30.00, 'USD', 'Neighbourhood watch', '2025-08-05 22:00:00', 5, 1, '2025-09-07 19:07:46', NULL, 'posted'),
(151, 'petty_cash_addition', NULL, 'Rental submitted', 346.00, 'USD', 'Petty Cash Addition: Rental submitted', '2025-07-31 22:00:00', 5, 1, '2025-09-07 19:09:31', NULL, 'posted'),
(152, 'petty_cash_withdrawal', NULL, 'Rental submitted', 346.00, 'USD', 'Petty Cash Withdrawal: Rental submitted', '2025-07-31 22:00:00', 5, 1, '2025-09-07 19:11:39', NULL, 'posted'),
(153, 'petty_cash_withdrawal', NULL, 'Rental submitted', 346.00, 'USD', 'Petty Cash Withdrawal: Rental submitted', '2025-07-31 22:00:00', 5, 1, '2025-09-07 19:12:51', NULL, 'posted'),
(154, 'petty_cash_withdrawal', NULL, ' Rental submitted ', 1130.00, 'USD', 'Petty Cash Withdrawal:  Rental submitted ', '2025-08-03 22:00:00', 5, 1, '2025-09-07 19:13:46', NULL, 'posted'),
(155, 'petty_cash_withdrawal', NULL, 'Rental submitted', 200.00, 'USD', 'Petty Cash Withdrawal: Rental submitted', '2025-08-05 22:00:00', 5, 1, '2025-09-07 19:14:27', NULL, 'posted'),
(156, 'petty_cash_addition', NULL, 'Petty Cash', 17.00, 'USD', 'Petty Cash Addition: Petty Cash', '2025-09-06 22:00:00', 5, 1, '2025-09-07 19:14:46', NULL, 'posted'),
(157, 'expense', NULL, 'EXP-20250907-212117', 500.00, 'USD', 'Alamait management fee', '2025-08-27 22:00:00', 5, 1, '2025-09-07 19:21:49', NULL, 'posted'),
(158, 'expense', NULL, 'EXP-20251002-090321', 250.00, 'USD', 'water refill', '2025-09-02 22:00:00', 4, 1, '2025-10-02 07:03:43', NULL, 'posted'),
(160, 'admin_fee', NULL, 'ADMIN-1759911368408-0falwx92o', 20.00, 'USD', 'Admin fee for student enrollment - 44', '2025-10-07 22:00:00', 6, 1, '2025-10-08 08:16:08', NULL, 'posted'),
(162, 'monthly_rent', 44, 'PMT-1759912873894', 130.00, 'USD', 'monthly rent payment - Cash to Rentals Income', '2025-10-07 22:00:00', 6, 1, '2025-10-08 08:41:13', NULL, 'posted'),
(163, 'monthly_rent', 44, 'PMT-1759913387254', 130.00, 'USD', 'monthly rent payment - Petty Cash to Rentals Income', '2025-10-07 22:00:00', 4, 1, '2025-10-08 08:49:47', NULL, 'posted'),
(164, 'admin_fee', NULL, 'ADMIN-1759914704935-i7k3yrfx7', 20.00, 'USD', 'Admin fee for student enrollment - 45', '2025-10-07 22:00:00', 4, 1, '2025-10-08 09:11:44', NULL, 'posted'),
(165, 'admin_fee', NULL, 'ADMIN-1759915001251-4y9d5semt', 20.00, 'USD', 'Admin fee for student enrollment - 46', '2025-10-07 22:00:00', 4, 1, '2025-10-08 09:16:41', NULL, 'posted'),
(166, 'admin_fee', NULL, 'ADMIN-1759915609515-tv8l6fazt', 20.00, 'USD', 'Admin fee for student enrollment - 47', '2025-10-07 22:00:00', 4, 1, '2025-10-08 09:26:49', NULL, 'posted'),
(167, 'admin_fee', NULL, 'ADMIN-1759935341517-g6zsmtggo', 20.00, 'USD', 'Admin fee for student enrollment - 52', '2025-10-07 22:00:00', 4, 1, '2025-10-08 14:55:41', NULL, 'posted'),
(168, 'initial_invoice', 52, 'INV-1759935341535-iiix7uwuk', 210.00, 'USD', 'Initial invoice - Student', '2025-09-30 22:00:00', 4, 1, '2025-10-08 14:55:41', NULL, 'posted'),
(170, 'initial_invoice', 55, 'INV-1759938426147-ck4dyvzg5', 180.00, 'USD', 'Initial invoice - testing50 testing50', '2025-09-30 22:00:00', 4, 1, '2025-10-08 15:47:06', NULL, 'posted'),
(171, 'monthly_rent', 55, 'PMT-1759938512387', 120.00, 'USD', 'monthly rent payment - Petty Cash to Rentals Income', '2025-10-07 22:00:00', 4, 1, '2025-10-08 15:48:32', NULL, 'posted'),
(172, 'monthly_rent', 55, 'PMT-1759938845376', 19.99, 'USD', 'monthly rent payment - Cash to Rentals Income', '2025-10-07 22:00:00', 4, 1, '2025-10-08 15:54:05', NULL, 'posted'),
(173, 'monthly_rent', 55, 'PMT-1759939145512', 10.00, 'USD', 'monthly rent payment - Cash to Rentals Income', '2025-10-07 22:00:00', 4, 1, '2025-10-08 15:59:05', NULL, 'posted'),
(174, 'monthly_rent', 55, 'PMT-1759939408736', 40.00, 'USD', 'monthly rent payment - Cash to Accounts Receivable', '2025-10-07 22:00:00', 4, 1, '2025-10-08 16:03:28', NULL, 'posted'),
(175, 'monthly_rent', 55, 'PMT-1759939764690', 20.00, 'USD', 'monthly rent payment - Cash to Accounts Receivable', '2025-10-07 22:00:00', 4, 1, '2025-10-08 16:09:24', NULL, 'posted'),
(176, 'initial_invoice', 56, 'INV-1760005288104-jpp216gef', 180.00, 'USD', 'Initial invoice - test90 Masango', '2025-09-30 22:00:00', 4, 1, '2025-10-09 10:21:28', NULL, 'posted'),
(177, 'monthly_rent', 56, 'PMT-1760005468259', 160.00, 'USD', 'monthly rent payment - Petty Cash to Accounts Receivable', '2025-10-08 22:00:00', 4, 1, '2025-10-09 10:24:28', NULL, 'posted'),
(178, 'initial_invoice', 57, 'INV-1760009548501-h60abiiaq', 180.00, 'USD', 'Initial invoice - Rutendo test test', '2025-09-30 22:00:00', 4, 1, '2025-10-09 11:32:28', NULL, 'posted'),
(179, 'monthly_rent', 57, 'PMT-1760009738804', 120.00, 'USD', 'monthly rent payment - Petty Cash to Accounts Receivable', '2025-10-08 22:00:00', 4, 1, '2025-10-09 11:35:38', NULL, 'posted'),
(184, 'branch_payment', NULL, 'BP-5', 200.00, NULL, 'Branch Payment - Student 17', '2025-10-11 22:00:00', 4, 2, '2025-10-12 14:24:24', NULL, 'posted'),
(188, 'branch_payment', NULL, 'BP-9', 200.00, NULL, 'Branch Payment - Student 38', '2025-10-11 22:00:00', 5, 2, '2025-10-12 14:56:53', NULL, 'posted'),
(189, 'branch_payment', NULL, 'BP-10', 100.00, NULL, 'Branch Payment - Student 38', '2025-10-11 22:00:00', 5, 2, '2025-10-12 15:17:58', NULL, 'posted'),
(190, 'branch_payment', NULL, 'BP-11', 100.00, NULL, 'Branch Payment - Student 38', '2025-10-11 22:00:00', 5, 2, '2025-10-12 15:22:50', NULL, 'posted'),
(191, 'branch_payment', NULL, 'BP-12', 300.00, NULL, 'Branch Payment - Student 38', '2025-10-11 22:00:00', 5, 2, '2025-10-12 15:27:14', NULL, 'posted'),
(192, 'expense', NULL, 'EXP-REQ-1', 200.00, NULL, 'Expenditure Request: water request', '2025-10-11 22:00:00', 4, 2, '2025-10-12 17:02:38', NULL, 'posted'),
(194, 'petty_cash_addition', NULL, 'test', 300.00, 'USD', 'Petty Cash Addition: cash replenish for budget', '2025-10-13 22:00:00', 1, 1, '2025-10-14 07:55:05', NULL, 'posted'),
(195, 'petty_cash_addition', NULL, 'test', 300.00, 'USD', 'Petty Cash Addition: test', '2025-10-13 22:00:00', 1, 1, '2025-10-14 07:57:54', NULL, 'posted'),
(196, 'petty_cash_addition', NULL, 'test', 300.00, 'USD', 'Petty Cash Addition: test', '2025-10-13 22:00:00', 1, 1, '2025-10-14 08:02:38', NULL, 'posted'),
(199, 'petty_cash_addition', NULL, 'test', 100.00, 'USD', 'Petty Cash Addition: test', '2025-10-13 22:00:00', 1, 1, '2025-10-14 08:21:28', NULL, 'posted'),
(200, 'petty_cash_addition', NULL, 'test', 200.00, 'USD', 'Petty Cash Addition: test', '2025-10-13 22:00:00', 1, 1, '2025-10-14 08:24:34', NULL, 'posted'),
(201, 'petty_cash_withdrawal', NULL, 'test', 500.00, 'USD', 'Petty Cash Withdrawal: submit', '2025-10-13 22:00:00', 1, 1, '2025-10-14 08:35:40', NULL, 'posted'),
(202, 'petty_cash_addition', NULL, 'test', 200.00, 'USD', 'Petty Cash Addition: test', '2025-10-13 22:00:00', 1, 1, '2025-10-14 08:54:16', NULL, 'posted'),
(204, 'accounts_payable', NULL, NULL, NULL, NULL, 'test', '2025-10-14 10:00:57', 4, 1, '2025-10-14 10:00:57', NULL, 'posted'),
(208, 'accounts_payable_payment', NULL, NULL, 100.00, NULL, 'Payment for test', '2025-10-13 22:00:00', 4, 1, '2025-10-14 13:20:38', NULL, 'posted'),
(209, 'accounts_payable_payment', NULL, NULL, 100.00, NULL, 'Payment for test', '2025-10-13 22:00:00', 4, 1, '2025-10-14 13:21:26', NULL, 'posted'),
(210, 'initial_invoice', 59, 'INV-1760949936347-3zfegocnz', 160.00, 'USD', 'Initial invoice - Student', '2025-08-31 22:00:00', 4, 1, '2025-10-20 08:45:36', NULL, 'posted'),
(211, 'admin_fee', NULL, 'ADMIN-1760950092152-gc3r9wo09', 20.00, 'USD', 'Admin fee for student enrollment - 60', '2025-10-19 22:00:00', 4, 1, '2025-10-20 08:48:12', NULL, 'posted'),
(212, 'initial_invoice', 60, 'INV-1760950092240-rs3wn5dmk', 210.00, 'USD', 'Initial invoice - Student', '2025-08-31 22:00:00', 4, 1, '2025-10-20 08:48:12', NULL, 'posted'),
(213, 'expense', NULL, 'EXP-REQ-2', 200.00, NULL, 'Expenditure Request: Electricity', '2025-09-08 22:00:00', 4, 2, '2025-10-21 22:48:48', NULL, 'posted'),
(214, 'expense', NULL, 'EXP-REQ-3', 500.00, NULL, 'Expenditure Request: House through cleaning', '2025-09-02 22:00:00', 4, 2, '2025-10-21 22:56:04', NULL, 'posted'),
(215, 'expense', NULL, 'EXP-REQ-8', 200.00, NULL, 'Expenditure Request: test99', '2025-10-21 22:00:00', 4, 2, '2025-10-21 23:05:11', NULL, 'posted'),
(216, 'beginning_balance', NULL, 'PC-13-1761121578728', 20.00, 'USD', 'Initial balance for Marko Belvedere', '2025-10-21 22:00:00', 5, 1, '2025-10-22 08:26:18', NULL, 'posted'),
(217, 'beginning_balance', NULL, 'PC-15-1761124339959', 30.00, 'USD', 'Initial balance for test st kilda', '2025-10-21 22:00:00', 4, 1, '2025-10-22 09:12:19', NULL, 'posted'),
(222, 'monthly_rent', 17, 'PMT-1761125504497', 60.00, 'USD', 'monthly rent payment - Petty Cash to Accounts Receivable', '2025-10-21 22:00:00', 4, 1, '2025-10-22 09:31:44', NULL, 'posted');

INSERT INTO `transactions` (`id`, `transaction_type`, `student_id`, `reference`, `amount`, `currency`, `description`, `transaction_date`, `boarding_house_id`, `created_by`, `created_at`, `deleted_at`, `status`) VALUES
(223, 'branch_payment', NULL, 'BP-13', 200.00, NULL, 'Branch Payment - Student 17', '2025-10-21 22:00:00', 4, 2, '2025-10-22 09:35:13', NULL, 'posted');

-- Table: users
DELETE FROM `users` WHERE 1=1;

-- Inserting 5 rows into users
INSERT INTO `users` (`id`, `username`, `role`, `email`, `password`, `national_id`, `gender`, `address`, `phone_number`, `boarding_house_id`, `created_at`, `deleted_at`) VALUES
(1, 'sysadmin', 'super_admin', 'tatendamuzenda740@gmail.com', '$2b$10$cdVMaq3LdspJV1imYsqJDe2DONXC.89wCgent8Mnq35NgWFcGUjkG', '29-2098334N83', 'male', '6334 southview', '0771472707', NULL, '2025-06-19 14:40:29', NULL),
(2, 'tatenda', 'operations_officer', 'tatenda@example.com', '$2b$10$Gi4zjjOfe32iiRVwXIuAWefb6gR96Gi0NoXICOc6DhC7sECt590Te', '23-2098334N83', 'Male', '22sw', '0771472707', 1, '2025-06-19 15:15:04', NULL),
(3, 'phoebe', 'operations_officer', 'tatendamuzenda740@gmail.com', '$2b$10$yRWV4SrFLTfNjhf0s9P60uiPSUWyCx3YbJVgQjRAu5/pVVw9bukim', '29-2098334N83', 'female', '6334 southview', '0771472707', 2, '2025-07-07 21:31:34', NULL),
(4, 'admin', 'admin', 'admin@example.com', '$2b$10$puzPfk.fSEKKODq.7AI6beelsSd28f3xOPOrBD2ikAysYwFzSz/aK', '12345678890', 'male', 'Capesso Eastlea', '1234567890', NULL, '2025-08-08 09:26:43', NULL),
(5, 'marko', 'operations_officer', 'tatendamuzenda740@gmail.com', '$2b$10$gnC4WPzBKbsubjQqY/9mruLU1eSvl7kcV91nDm9V98v.iK6FWfyX2', '29-2098334N834', 'male', '6334 southview', '0771472707', NULL, '2025-10-22 08:11:23', NULL);

SET FOREIGN_KEY_CHECKS = 1;

-- Sync completed: 48 tables
